en_book,en_chapter,en_verse,en_part,ru_book,ru_chapter,ru_verse,ru_part
Leviticus,14,56,,Книга Левит,14,55,
Leviticus,14,57,,Книга Левит,14,56,
Numbers,12,16,,Книга Числа,13,1,
Numbers,13,1,,Книга Числа,13,2,
Numbers,13,2,,Книга Числа,13,3,
Numbers,13,3,,Книга Числа,13,4,
Numbers,13,4,,Книга Числа,13,5,
Numbers,13,5,,Книга Числа,13,6,
Numbers,13,6,,Книга Числа,13,7,
Numbers,13,7,,Книга Числа,13,8,
Numbers,13,8,,Книга Числа,13,9,
Numbers,13,9,,Книга Числа,13,10,
Numbers,13,10,,Книга Числа,13,11,
Numbers,13,11,,Книга Числа,13,12,
Numbers,13,12,,Книга Числа,13,13,
Numbers,13,13,,Книга Числа,13,14,
Numbers,13,14,,Книга Числа,13,15,
Numbers,13,15,,Книга Числа,13,16,
Numbers,13,16,,Книга Числа,13,17,
Numbers,13,17,,Книга Числа,13,18,
Numbers,13,18,,Книга Числа,13,19,
Numbers,13,19,,Книга Числа,13,20,
Numbers,13,20,,Книга Числа,13,21,
Numbers,13,21,,Книга Числа,13,22,
Numbers,13,22,,Книга Числа,13,23,
Numbers,13,23,,Книга Числа,13,24,
Numbers,13,24,,Книга Числа,13,25,
Numbers,13,25,,Книга Числа,13,26,
Numbers,13,26,,Книга Числа,13,27,
Numbers,13,27,,Книга Числа,13,28,
Numbers,13,28,,Книга Числа,13,29,
Numbers,13,29,,Книга Числа,13,30,
Numbers,13,30,,Книга Числа,13,31,
Numbers,13,31,,Книга Числа,13,32,
Numbers,13,32,,Книга Числа,13,33,
Numbers,13,33,,Книга Числа,13,34,
Numbers,29,40,,Книга Числа,30,1,
Numbers,30,1,,Книга Числа,30,2,
Numbers,30,2,,Книга Числа,30,3,
Numbers,30,3,,Книга Числа,30,4,
Numbers,30,4,,Книга Числа,30,5,
Numbers,30,5,,Книга Числа,30,6,
Numbers,30,6,,Книга Числа,30,7,
Numbers,30,7,,Книга Числа,30,8,
Numbers,30,8,,Книга Числа,30,9,
Numbers,30,9,,Книга Числа,30,10,
Numbers,30,10,,Книга Числа,30,11,
Numbers,30,11,,Книга Числа,30,12,
Numbers,30,12,,Книга Числа,30,13,
Numbers,30,13,,Книга Числа,30,14,
Numbers,30,14,,Книга Числа,30,15,
Numbers,30,15,,Книга Числа,30,16,
Numbers,30,16,,Книга Числа,30,17,
Joshua,6,1,,Книга Иисуса Навина,5,16,
Joshua,6,2,,Книга Иисуса Навина,6,1,
Joshua,6,3,,Книга Иисуса Навина,6,2,
Joshua,6,4,,Книга Иисуса Навина,6,3,
Joshua,6,5,,Книга Иисуса Навина,6,4,
Joshua,6,6,,Книга Иисуса Навина,6,5,
Joshua,6,7,,Книга Иисуса Навина,6,6,
Joshua,6,8,,Книга Иисуса Навина,6,7,
Joshua,6,9,,Книга Иисуса Навина,6,8,
Joshua,6,10,,Книга Иисуса Навина,6,9,
Joshua,6,11,,Книга Иисуса Навина,6,10,
Joshua,6,12,,Книга Иисуса Навина,6,11,
Joshua,6,13,,Книга Иисуса Навина,6,12,
Joshua,6,14,,Книга Иисуса Навина,6,13,
Joshua,6,15,,Книга Иисуса Навина,6,14,
Joshua,6,16,,Книга Иисуса Навина,6,15,
Joshua,6,17,,Книга Иисуса Навина,6,16,
Joshua,6,18,,Книга Иисуса Навина,6,17,
Joshua,6,19,,Книга Иисуса Навина,6,18,
Joshua,6,20,,Книга Иисуса Навина,6,19,
Joshua,6,21,,Книга Иисуса Навина,6,20,
Joshua,6,22,,Книга Иисуса Навина,6,21,
Joshua,6,23,,Книга Иисуса Навина,6,22,
Joshua,6,24,,Книга Иисуса Навина,6,23,
Joshua,6,25,,Книга Иисуса Навина,6,24,
Joshua,6,26,,Книга Иисуса Навина,6,25,
Joshua,6,27,,Книга Иисуса Навина,6,26,
1 Samuel,20,42,a,Первая книга Царств,20,42,
1 Samuel,20,42,b,Первая книга Царств,20,43,
1 Samuel,23,29,,Первая книга Царств,24,1,
1 Samuel,24,1,,Первая книга Царств,24,2,
1 Samuel,24,2,,Первая книга Царств,24,3,
1 Samuel,24,3,,Первая книга Царств,24,4,
1 Samuel,24,4,,Первая книга Царств,24,5,
1 Samuel,24,5,,Первая книга Царств,24,6,
1 Samuel,24,6,,Первая книга Царств,24,7,
1 Samuel,24,7,,Первая книга Царств,24,8,
1 Samuel,24,8,,Первая книга Царств,24,9,
1 Samuel,24,9,,Первая книга Царств,24,10,
1 Samuel,24,10,,Первая книга Царств,24,11,
1 Samuel,24,11,,Первая книга Царств,24,12,
1 Samuel,24,12,,Первая книга Царств,24,13,
1 Samuel,24,13,,Первая книга Царств,24,14,
1 Samuel,24,14,,Первая книга Царств,24,15,
1 Samuel,24,15,,Первая книга Царств,24,16,
1 Samuel,24,16,,Первая книга Царств,24,17,
1 Samuel,24,17,,Первая книга Царств,24,18,
1 Samuel,24,18,,Первая книга Царств,24,19,
1 Samuel,24,19,,Первая книга Царств,24,20,
1 Samuel,24,20,,Первая книга Царств,24,21,
1 Samuel,24,21,,Первая книга Царств,24,22,
1 Samuel,24,22,,Первая книга Царств,24,23,
Job,40,1,,Книга Иова,39,31,
Job,40,2,,Книга Иова,39,32,
Job,40,3,,Книга Иова,39,33,
Job,40,4,,Книга Иова,39,34,
Job,40,5,,Книга Иова,39,35,
Job,40,6,,Книга Иова,40,1,
Job,40,7,,Книга Иова,40,2,
Job,40,8,,Книга Иова,40,3,
Job,40,9,,Книга Иова,40,4,
Job,40,10,,Книга Иова,40,5,
Job,40,11,,Книга Иова,40,6,
Job,40,12,,Книга Иова,40,7,
Job,40,13,,Книга Иова,40,8,
Job,40,14,,Книга Иова,40,9,
Job,40,15,,Книга Иова,40,10,
Job,40,16,,Книга Иова,40,11,
Job,40,17,,Книга Иова,40,12,
Job,40,18,,Книга Иова,40,13,
Job,40,19,,Книга Иова,40,14,
Job,40,20,,Книга Иова,40,15,
Job,40,21,,Книга Иова,40,16,
Job,40,22,,Книга Иова,40,17,
Job,40,23,,Книга Иова,40,18,
Job,40,24,,Книга Иова,40,19,
Job,41,1,,Книга Иова,40,20,
Job,41,2,,Книга Иова,40,21,
Job,41,3,,Книга Иова,40,22,
Job,41,4,,Книга Иова,40,23,
Job,41,5,,Книга Иова,40,24,
Job,41,6,,Книга Иова,40,25,
Job,41,7,,Книга Иова,40,26,
Job,41,8,,Книга Иова,40,27,
Job,41,9,,Книга Иова,41,1,
Job,41,10,,Книга Иова,41,2,
Job,41,11,,Книга Иова,41,3,
Job,41,12,,Книга Иова,41,4,
Job,41,13,,Книга Иова,41,5,
Job,41,14,,Книга Иова,41,6,
Job,41,15,,Книга Иова,41,7,
Job,41,16,,Книга Иова,41,8,
Job,41,17,,Книга Иова,41,9,
Job,41,18,,Книга Иова,41,10,
Job,41,19,,Книга Иова,41,11,
Job,41,20,,Книга Иова,41,12,
Job,41,21,,Книга Иова,41,13,
Job,41,22,,Книга Иова,41,14,
Job,41,23,,Книга Иова,41,15,
Job,41,24,,Книга Иова,41,16,
Job,41,25,,Книга Иова,41,17,
Job,41,26,,Книга Иова,41,18,
Job,41,27,,Книга Иова,41,19,
Job,41,28,,Книга Иова,41,20,
Job,41,29,,Книга Иова,41,21,
Job,41,30,,Книга Иова,41,22,
Job,41,31,,Книга Иова,41,23,
Job,41,32,,Книга Иова,41,24,
Job,41,33,,Книга Иова,41,25,
Job,41,34,,Книга Иова,41,26,
Psalms,3,0,,Псалтирь,3,1,
Psalms,3,1,,Псалтирь,3,2,
Psalms,3,2,,Псалтирь,3,3,
Psalms,3,3,,Псалтирь,3,4,
Psalms,3,4,,Псалтирь,3,5,
Psalms,3,5,,Псалтирь,3,6,
Psalms,3,6,,Псалтирь,3,7,
Psalms,3,7,,Псалтирь,3,8,
Psalms,3,8,,Псалтирь,3,9,
Psalms,4,0,,Псалтирь,4,1,
Psalms,4,1,,Псалтирь,4,2,
Psalms,4,2,,Псалтирь,4,3,
Psalms,4,3,,Псалтирь,4,4,
Psalms,4,4,,Псалтирь,4,5,
Psalms,4,5,,Псалтирь,4,6,
Psalms,4,6,,Псалтирь,4,7,
Psalms,4,7,,Псалтирь,4,8,
Psalms,4,8,,Псалтирь,4,9,
Psalms,5,0,,Псалтирь,5,1,
Psalms,5,1,,Псалтирь,5,2,
Psalms,5,2,,Псалтирь,5,3,
Psalms,5,3,,Псалтирь,5,4,
Psalms,5,4,,Псалтирь,5,5,
Psalms,5,5,,Псалтирь,5,6,
Psalms,5,6,,Псалтирь,5,7,
Psalms,5,7,,Псалтирь,5,8,
Psalms,5,8,,Псалтирь,5,9,
Psalms,5,9,,Псалтирь,5,10,
Psalms,5,10,,Псалтирь,5,11,
Psalms,5,11,,Псалтирь,5,12,
Psalms,5,12,,Псалтирь,5,13,
Psalms,6,0,,Псалтирь,6,1,
Psalms,6,1,,Псалтирь,6,2,
Psalms,6,2,,Псалтирь,6,3,
Psalms,6,3,,Псалтирь,6,4,
Psalms,6,4,,Псалтирь,6,5,
Psalms,6,5,,Псалтирь,6,6,
Psalms,6,6,,Псалтирь,6,7,
Psalms,6,7,,Псалтирь,6,8,
Psalms,6,8,,Псалтирь,6,9,
Psalms,6,9,,Псалтирь,6,10,
Psalms,6,10,,Псалтирь,6,11,
Psalms,7,0,,Псалтирь,7,1,
Psalms,7,1,,Псалтирь,7,2,
Psalms,7,2,,Псалтирь,7,3,
Psalms,7,3,,Псалтирь,7,4,
Psalms,7,4,,Псалтирь,7,5,
Psalms,7,5,,Псалтирь,7,6,
Psalms,7,6,,Псалтирь,7,7,
Psalms,7,7,,Псалтирь,7,8,
Psalms,7,8,,Псалтирь,7,9,
Psalms,7,9,,Псалтирь,7,10,
Psalms,7,10,,Псалтирь,7,11,
Psalms,7,11,,Псалтирь,7,12,
Psalms,7,12,,Псалтирь,7,13,
Psalms,7,13,,Псалтирь,7,14,
Psalms,7,14,,Псалтирь,7,15,
Psalms,7,15,,Псалтирь,7,16,
Psalms,7,16,,Псалтирь,7,17,
Psalms,7,17,,Псалтирь,7,18,
Psalms,8,0,,Псалтирь,8,1,
Psalms,8,1,,Псалтирь,8,2,
Psalms,8,2,,Псалтирь,8,3,
Psalms,8,3,,Псалтирь,8,4,
Psalms,8,4,,Псалтирь,8,5,
Psalms,8,5,,Псалтирь,8,6,
Psalms,8,6,,Псалтирь,8,7,
Psalms,8,7,,Псалтирь,8,8,
Psalms,8,8,,Псалтирь,8,9,
Psalms,8,9,,Псалтирь,8,10,
Psalms,9,0,,Псалтирь,9,1,
Psalms,9,1,,Псалтирь,9,2,
Psalms,9,2,,Псалтирь,9,3,
Psalms,9,3,,Псалтирь,9,4,
Psalms,9,4,,Псалтирь,9,5,
Psalms,9,5,,Псалтирь,9,6,
Psalms,9,6,,Псалтирь,9,7,
Psalms,9,7,,Псалтирь,9,8,
Psalms,9,8,,Псалтирь,9,9,
Psalms,9,9,,Псалтирь,9,10,
Psalms,9,10,,Псалтирь,9,11,
Psalms,9,11,,Псалтирь,9,12,
Psalms,9,12,,Псалтирь,9,13,
Psalms,9,13,,Псалтирь,9,14,
Psalms,9,14,,Псалтирь,9,15,
Psalms,9,15,,Псалтирь,9,16,
Psalms,9,16,,Псалтирь,9,17,
Psalms,9,17,,Псалтирь,9,18,
Psalms,9,18,,Псалтирь,9,19,
Psalms,9,19,,Псалтирь,9,20,
Psalms,9,20,,Псалтирь,9,21,
Psalms,10,1,,Псалтирь,9,22,
Psalms,10,2,,Псалтирь,9,23,
Psalms,10,3,,Псалтирь,9,24,
Psalms,10,4,,Псалтирь,9,25,
Psalms,10,5,,Псалтирь,9,26,
Psalms,10,6,,Псалтирь,9,27,
Psalms,10,7,,Псалтирь,9,28,
Psalms,10,8,,Псалтирь,9,29,
Psalms,10,9,,Псалтирь,9,30,
Psalms,10,10,,Псалтирь,9,31,
Psalms,10,11,,Псалтирь,9,32,
Psalms,10,12,,Псалтирь,9,33,
Psalms,10,13,,Псалтирь,9,34,
Psalms,10,14,,Псалтирь,9,35,
Psalms,10,15,,Псалтирь,9,36,
Psalms,10,16,,Псалтирь,9,37,
Psalms,10,17,,Псалтирь,9,38,
Psalms,10,18,,Псалтирь,9,39,
Psalms,11,1,,Псалтирь,10,1,
Psalms,11,2,,Псалтирь,10,2,
Psalms,11,3,,Псалтирь,10,3,
Psalms,11,4,,Псалтирь,10,4,
Psalms,11,5,,Псалтирь,10,5,
Psalms,11,6,,Псалтирь,10,6,
Psalms,11,7,,Псалтирь,10,7,
Psalms,12,0,,Псалтирь,11,1,
Psalms,12,1,,Псалтирь,11,2,
Psalms,12,2,,Псалтирь,11,3,
Psalms,12,3,,Псалтирь,11,4,
Psalms,12,4,,Псалтирь,11,5,
Psalms,12,5,,Псалтирь,11,6,
Psalms,12,6,,Псалтирь,11,7,
Psalms,12,7,,Псалтирь,11,8,
Psalms,12,8,,Псалтирь,11,9,
Psalms,13,0,,Псалтирь,12,1,
Psalms,13,1,,Псалтирь,12,2,
Psalms,13,2,,Псалтирь,12,3,
Psalms,13,3,,Псалтирь,12,4,
Psalms,13,4,,Псалтирь,12,5,
Psalms,13,5,,Псалтирь,12,6,a
Psalms,13,6,,Псалтирь,12,6,b
Psalms,14,1,,Псалтирь,13,1,
Psalms,14,2,,Псалтирь,13,2,
Psalms,14,3,,Псалтирь,13,3,
Psalms,14,4,,Псалтирь,13,4,
Psalms,14,5,,Псалтирь,13,5,
Psalms,14,6,,Псалтирь,13,6,
Psalms,14,7,,Псалтирь,13,7,
Psalms,15,1,,Псалтирь,14,1,
Psalms,15,2,,Псалтирь,14,2,
Psalms,15,3,,Псалтирь,14,3,
Psalms,15,4,,Псалтирь,14,4,
Psalms,15,5,,Псалтирь,14,5,
Psalms,16,1,,Псалтирь,15,1,
Psalms,16,2,,Псалтирь,15,2,
Psalms,16,3,,Псалтирь,15,3,
Psalms,16,4,,Псалтирь,15,4,
Psalms,16,5,,Псалтирь,15,5,
Psalms,16,6,,Псалтирь,15,6,
Psalms,16,7,,Псалтирь,15,7,
Psalms,16,8,,Псалтирь,15,8,
Psalms,16,9,,Псалтирь,15,9,
Psalms,16,10,,Псалтирь,15,10,
Psalms,16,11,,Псалтирь,15,11,
Psalms,17,1,,Псалтирь,16,1,
Psalms,17,2,,Псалтирь,16,2,
Psalms,17,3,,Псалтирь,16,3,
Psalms,17,4,,Псалтирь,16,4,
Psalms,17,5,,Псалтирь,16,5,
Psalms,17,6,,Псалтирь,16,6,
Psalms,17,7,,Псалтирь,16,7,
Psalms,17,8,,Псалтирь,16,8,
Psalms,17,9,,Псалтирь,16,9,
Psalms,17,10,,Псалтирь,16,10,
Psalms,17,11,,Псалтирь,16,11,
Psalms,17,12,,Псалтирь,16,12,
Psalms,17,13,,Псалтирь,16,13,
Psalms,17,14,,Псалтирь,16,14,
Psalms,17,15,,Псалтирь,16,15,
Psalms,18,0,,Псалтирь,17,1,
Psalms,18,1,,Псалтирь,17,2,
Psalms,18,2,,Псалтирь,17,3,
Psalms,18,3,,Псалтирь,17,4,
Psalms,18,4,,Псалтирь,17,5,
Psalms,18,5,,Псалтирь,17,6,
Psalms,18,6,,Псалтирь,17,7,
Psalms,18,7,,Псалтирь,17,8,
Psalms,18,8,,Псалтирь,17,9,
Psalms,18,9,,Псалтирь,17,10,
Psalms,18,10,,Псалтирь,17,11,
Psalms,18,11,,Псалтирь,17,12,
Psalms,18,12,,Псалтирь,17,13,
Psalms,18,13,,Псалтирь,17,14,
Psalms,18,14,,Псалтирь,17,15,
Psalms,18,15,,Псалтирь,17,16,
Psalms,18,16,,Псалтирь,17,17,
Psalms,18,17,,Псалтирь,17,18,
Psalms,18,18,,Псалтирь,17,19,
Psalms,18,19,,Псалтирь,17,20,
Psalms,18,20,,Псалтирь,17,21,
Psalms,18,21,,Псалтирь,17,22,
Psalms,18,22,,Псалтирь,17,23,
Psalms,18,23,,Псалтирь,17,24,
Psalms,18,24,,Псалтирь,17,25,
Psalms,18,25,,Псалтирь,17,26,
Psalms,18,26,,Псалтирь,17,27,
Psalms,18,27,,Псалтирь,17,28,
Psalms,18,28,,Псалтирь,17,29,
Psalms,18,29,,Псалтирь,17,30,
Psalms,18,30,,Псалтирь,17,31,
Psalms,18,31,,Псалтирь,17,32,
Psalms,18,32,,Псалтирь,17,33,
Psalms,18,33,,Псалтирь,17,34,
Psalms,18,34,,Псалтирь,17,35,
Psalms,18,35,,Псалтирь,17,36,
Psalms,18,36,,Псалтирь,17,37,
Psalms,18,37,,Псалтирь,17,38,
Psalms,18,38,,Псалтирь,17,39,
Psalms,18,39,,Псалтирь,17,40,
Psalms,18,40,,Псалтирь,17,41,
Psalms,18,41,,Псалтирь,17,42,
Psalms,18,42,,Псалтирь,17,43,
Psalms,18,43,,Псалтирь,17,44,
Psalms,18,44,,Псалтирь,17,45,
Psalms,18,45,,Псалтирь,17,46,
Psalms,18,46,,Псалтирь,17,47,
Psalms,18,47,,Псалтирь,17,48,
Psalms,18,48,,Псалтирь,17,49,
Psalms,18,49,,Псалтирь,17,50,
Psalms,18,50,,Псалтирь,17,51,
Psalms,19,0,,Псалтирь,18,1,
Psalms,19,1,,Псалтирь,18,2,
Psalms,19,2,,Псалтирь,18,3,
Psalms,19,3,,Псалтирь,18,4,
Psalms,19,4,,Псалтирь,18,5,
Psalms,19,5,,Псалтирь,18,6,
Psalms,19,6,,Псалтирь,18,7,
Psalms,19,7,,Псалтирь,18,8,
Psalms,19,8,,Псалтирь,18,9,
Psalms,19,9,,Псалтирь,18,10,
Psalms,19,10,,Псалтирь,18,11,
Psalms,19,11,,Псалтирь,18,12,
Psalms,19,12,,Псалтирь,18,13,
Psalms,19,13,,Псалтирь,18,14,
Psalms,19,14,,Псалтирь,18,15,
Psalms,20,0,,Псалтирь,19,1,
Psalms,20,1,,Псалтирь,19,2,
Psalms,20,2,,Псалтирь,19,3,
Psalms,20,3,,Псалтирь,19,4,
Psalms,20,4,,Псалтирь,19,5,
Psalms,20,5,,Псалтирь,19,6,
Psalms,20,6,,Псалтирь,19,7,
Psalms,20,7,,Псалтирь,19,8,
Psalms,20,8,,Псалтирь,19,9,
Psalms,20,9,,Псалтирь,19,10,
Psalms,21,0,,Псалтирь,20,1,
Psalms,21,1,,Псалтирь,20,2,
Psalms,21,2,,Псалтирь,20,3,
Psalms,21,3,,Псалтирь,20,4,
Psalms,21,4,,Псалтирь,20,5,
Psalms,21,5,,Псалтирь,20,6,
Psalms,21,6,,Псалтирь,20,7,
Psalms,21,7,,Псалтирь,20,8,
Psalms,21,8,,Псалтирь,20,9,
Psalms,21,9,,Псалтирь,20,10,
Psalms,21,10,,Псалтирь,20,11,
Psalms,21,11,,Псалтирь,20,12,
Psalms,21,12,,Псалтирь,20,13,
Psalms,21,13,,Псалтирь,20,14,
Psalms,22,0,,Псалтирь,21,1,
Psalms,22,1,,Псалтирь,21,2,
Psalms,22,2,,Псалтирь,21,3,
Psalms,22,3,,Псалтирь,21,4,
Psalms,22,4,,Псалтирь,21,5,
Psalms,22,5,,Псалтирь,21,6,
Psalms,22,6,,Псалтирь,21,7,
Psalms,22,7,,Псалтирь,21,8,
Psalms,22,8,,Псалтирь,21,9,
Psalms,22,9,,Псалтирь,21,10,
Psalms,22,10,,Псалтирь,21,11,
Psalms,22,11,,Псалтирь,21,12,
Psalms,22,12,,Псалтирь,21,13,
Psalms,22,13,,Псалтирь,21,14,
Psalms,22,14,,Псалтирь,21,15,
Psalms,22,15,,Псалтирь,21,16,
Psalms,22,16,,Псалтирь,21,17,
Psalms,22,17,,Псалтирь,21,18,
Psalms,22,18,,Псалтирь,21,19,
Psalms,22,19,,Псалтирь,21,20,
Psalms,22,20,,Псалтирь,21,21,
Psalms,22,21,,Псалтирь,21,22,
Psalms,22,22,,Псалтирь,21,23,
Psalms,22,23,,Псалтирь,21,24,
Psalms,22,24,,Псалтирь,21,25,
Psalms,22,25,,Псалтирь,21,26,
Psalms,22,26,,Псалтирь,21,27,
Psalms,22,27,,Псалтирь,21,28,
Psalms,22,28,,Псалтирь,21,29,
Psalms,22,29,,Псалтирь,21,30,
Psalms,22,30,,Псалтирь,21,31,
Psalms,22,31,,Псалтирь,21,32,
Psalms,23,1,,Псалтирь,22,1,
Psalms,23,2,,Псалтирь,22,2,
Psalms,23,3,,Псалтирь,22,3,
Psalms,23,4,,Псалтирь,22,4,
Psalms,23,5,,Псалтирь,22,5,
Psalms,23,6,,Псалтирь,22,6,
Psalms,24,1,,Псалтирь,23,1,
Psalms,24,2,,Псалтирь,23,2,
Psalms,24,3,,Псалтирь,23,3,
Psalms,24,4,,Псалтирь,23,4,
Psalms,24,5,,Псалтирь,23,5,
Psalms,24,6,,Псалтирь,23,6,
Psalms,24,7,,Псалтирь,23,7,
Psalms,24,8,,Псалтирь,23,8,
Psalms,24,9,,Псалтирь,23,9,
Psalms,24,10,,Псалтирь,23,10,
Psalms,25,1,,Псалтирь,24,1,
Psalms,25,2,,Псалтирь,24,2,
Psalms,25,3,,Псалтирь,24,3,
Psalms,25,4,,Псалтирь,24,4,
Psalms,25,5,,Псалтирь,24,5,
Psalms,25,6,,Псалтирь,24,6,
Psalms,25,7,,Псалтирь,24,7,
Psalms,25,8,,Псалтирь,24,8,
Psalms,25,9,,Псалтирь,24,9,
Psalms,25,10,,Псалтирь,24,10,
Psalms,25,11,,Псалтирь,24,11,
Psalms,25,12,,Псалтирь,24,12,
Psalms,25,13,,Псалтирь,24,13,
Psalms,25,14,,Псалтирь,24,14,
Psalms,25,15,,Псалтирь,24,15,
Psalms,25,16,,Псалтирь,24,16,
Psalms,25,17,,Псалтирь,24,17,
Psalms,25,18,,Псалтирь,24,18,
Psalms,25,19,,Псалтирь,24,19,
Psalms,25,20,,Псалтирь,24,20,
Psalms,25,21,,Псалтирь,24,21,
Psalms,25,22,,Псалтирь,24,22,
Psalms,26,1,,Псалтирь,25,1,
Psalms,26,2,,Псалтирь,25,2,
Psalms,26,3,,Псалтирь,25,3,
Psalms,26,4,,Псалтирь,25,4,
Psalms,26,5,,Псалтирь,25,5,
Psalms,26,6,,Псалтирь,25,6,
Psalms,26,7,,Псалтирь,25,7,
Psalms,26,8,,Псалтирь,25,8,
Psalms,26,9,,Псалтирь,25,9,
Psalms,26,10,,Псалтирь,25,10,
Psalms,26,11,,Псалтирь,25,11,
Psalms,26,12,,Псалтирь,25,12,
Psalms,27,1,,Псалтирь,26,1,
Psalms,27,2,,Псалтирь,26,2,
Psalms,27,3,,Псалтирь,26,3,
Psalms,27,4,,Псалтирь,26,4,
Psalms,27,5,,Псалтирь,26,5,
Psalms,27,6,,Псалтирь,26,6,
Psalms,27,7,,Псалтирь,26,7,
Psalms,27,8,,Псалтирь,26,8,
Psalms,27,9,,Псалтирь,26,9,
Psalms,27,10,,Псалтирь,26,10,
Psalms,27,11,,Псалтирь,26,11,
Psalms,27,12,,Псалтирь,26,12,
Psalms,27,13,,Псалтирь,26,13,
Psalms,27,14,,Псалтирь,26,14,
Psalms,28,1,,Псалтирь,27,1,
Psalms,28,2,,Псалтирь,27,2,
Psalms,28,3,,Псалтирь,27,3,
Psalms,28,4,,Псалтирь,27,4,
Psalms,28,5,,Псалтирь,27,5,
Psalms,28,6,,Псалтирь,27,6,
Psalms,28,7,,Псалтирь,27,7,
Psalms,28,8,,Псалтирь,27,8,
Psalms,28,9,,Псалтирь,27,9,
Psalms,29,1,,Псалтирь,28,1,
Psalms,29,2,,Псалтирь,28,2,
Psalms,29,3,,Псалтирь,28,3,
Psalms,29,4,,Псалтирь,28,4,
Psalms,29,5,,Псалтирь,28,5,
Psalms,29,6,,Псалтирь,28,6,
Psalms,29,7,,Псалтирь,28,7,
Psalms,29,8,,Псалтирь,28,8,
Psalms,29,9,,Псалтирь,28,9,
Psalms,29,10,,Псалтирь,28,10,
Psalms,29,11,,Псалтирь,28,11,
Psalms,30,0,,Псалтирь,29,1,
Psalms,30,1,,Псалтирь,29,2,
Psalms,30,2,,Псалтирь,29,3,
Psalms,30,3,,Псалтирь,29,4,
Psalms,30,4,,Псалтирь,29,5,
Psalms,30,5,,Псалтирь,29,6,
Psalms,30,6,,Псалтирь,29,7,
Psalms,30,7,,Псалтирь,29,8,
Psalms,30,8,,Псалтирь,29,9,
Psalms,30,9,,Псалтирь,29,10,
Psalms,30,10,,Псалтирь,29,11,
Psalms,30,11,,Псалтирь,29,12,
Psalms,30,12,,Псалтирь,29,13,
Psalms,31,0,,Псалтирь,30,1,
Psalms,31,1,,Псалтирь,30,2,
Psalms,31,2,,Псалтирь,30,3,
Psalms,31,3,,Псалтирь,30,4,
Psalms,31,4,,Псалтирь,30,5,
Psalms,31,5,,Псалтирь,30,6,
Psalms,31,6,,Псалтирь,30,7,
Psalms,31,7,,Псалтирь,30,8,
Psalms,31,8,,Псалтирь,30,9,
Psalms,31,9,,Псалтирь,30,10,
Psalms,31,10,,Псалтирь,30,11,
Psalms,31,11,,Псалтирь,30,12,
Psalms,31,12,,Псалтирь,30,13,
Psalms,31,13,,Псалтирь,30,14,
Psalms,31,14,,Псалтирь,30,15,
Psalms,31,15,,Псалтирь,30,16,
Psalms,31,16,,Псалтирь,30,17,
Psalms,31,17,,Псалтирь,30,18,
Psalms,31,18,,Псалтирь,30,19,
Psalms,31,19,,Псалтирь,30,20,
Psalms,31,20,,Псалтирь,30,21,
Psalms,31,21,,Псалтирь,30,22,
Psalms,31,22,,Псалтирь,30,23,
Psalms,31,23,,Псалтирь,30,24,
Psalms,31,24,,Псалтирь,30,25,
Psalms,32,1,,Псалтирь,31,1,
Psalms,32,2,,Псалтирь,31,2,
Psalms,32,3,,Псалтирь,31,3,
Psalms,32,4,,Псалтирь,31,4,
Psalms,32,5,,Псалтирь,31,5,
Psalms,32,6,,Псалтирь,31,6,
Psalms,32,7,,Псалтирь,31,7,
Psalms,32,8,,Псалтирь,31,8,
Psalms,32,9,,Псалтирь,31,9,
Psalms,32,10,,Псалтирь,31,10,
Psalms,32,11,,Псалтирь,31,11,
Psalms,33,1,,Псалтирь,32,1,
Psalms,33,2,,Псалтирь,32,2,
Psalms,33,3,,Псалтирь,32,3,
Psalms,33,4,,Псалтирь,32,4,
Psalms,33,5,,Псалтирь,32,5,
Psalms,33,6,,Псалтирь,32,6,
Psalms,33,7,,Псалтирь,32,7,
Psalms,33,8,,Псалтирь,32,8,
Psalms,33,9,,Псалтирь,32,9,
Psalms,33,10,,Псалтирь,32,10,
Psalms,33,11,,Псалтирь,32,11,
Psalms,33,12,,Псалтирь,32,12,
Psalms,33,13,,Псалтирь,32,13,
Psalms,33,14,,Псалтирь,32,14,
Psalms,33,15,,Псалтирь,32,15,
Psalms,33,16,,Псалтирь,32,16,
Psalms,33,17,,Псалтирь,32,17,
Psalms,33,18,,Псалтирь,32,18,
Psalms,33,19,,Псалтирь,32,19,
Psalms,33,20,,Псалтирь,32,20,
Psalms,33,21,,Псалтирь,32,21,
Psalms,33,22,,Псалтирь,32,22,
Psalms,34,0,,Псалтирь,33,1,
Psalms,34,1,,Псалтирь,33,2,
Psalms,34,2,,Псалтирь,33,3,
Psalms,34,3,,Псалтирь,33,4,
Psalms,34,4,,Псалтирь,33,5,
Psalms,34,5,,Псалтирь,33,6,
Psalms,34,6,,Псалтирь,33,7,
Psalms,34,7,,Псалтирь,33,8,
Psalms,34,8,,Псалтирь,33,9,
Psalms,34,9,,Псалтирь,33,10,
Psalms,34,10,,Псалтирь,33,11,
Psalms,34,11,,Псалтирь,33,12,
Psalms,34,12,,Псалтирь,33,13,
Psalms,34,13,,Псалтирь,33,14,
Psalms,34,14,,Псалтирь,33,15,
Psalms,34,15,,Псалтирь,33,16,
Psalms,34,16,,Псалтирь,33,17,
Psalms,34,17,,Псалтирь,33,18,
Psalms,34,18,,Псалтирь,33,19,
Psalms,34,19,,Псалтирь,33,20,
Psalms,34,20,,Псалтирь,33,21,
Psalms,34,21,,Псалтирь,33,22,
Psalms,34,22,,Псалтирь,33,23,
Psalms,35,1,,Псалтирь,34,1,
Psalms,35,2,,Псалтирь,34,2,
Psalms,35,3,,Псалтирь,34,3,
Psalms,35,4,,Псалтирь,34,4,
Psalms,35,5,,Псалтирь,34,5,
Psalms,35,6,,Псалтирь,34,6,
Psalms,35,7,,Псалтирь,34,7,
Psalms,35,8,,Псалтирь,34,8,
Psalms,35,9,,Псалтирь,34,9,
Psalms,35,10,,Псалтирь,34,10,
Psalms,35,11,,Псалтирь,34,11,
Psalms,35,12,,Псалтирь,34,12,
Psalms,35,13,,Псалтирь,34,13,
Psalms,35,14,,Псалтирь,34,14,
Psalms,35,15,,Псалтирь,34,15,
Psalms,35,16,,Псалтирь,34,16,
Psalms,35,17,,Псалтирь,34,17,
Psalms,35,18,,Псалтирь,34,18,
Psalms,35,19,,Псалтирь,34,19,
Psalms,35,20,,Псалтирь,34,20,
Psalms,35,21,,Псалтирь,34,21,
Psalms,35,22,,Псалтирь,34,22,
Psalms,35,23,,Псалтирь,34,23,
Psalms,35,24,,Псалтирь,34,24,
Psalms,35,25,,Псалтирь,34,25,
Psalms,35,26,,Псалтирь,34,26,
Psalms,35,27,,Псалтирь,34,27,
Psalms,35,28,,Псалтирь,34,28,
Psalms,36,0,,Псалтирь,35,1,
Psalms,36,1,,Псалтирь,35,2,
Psalms,36,2,,Псалтирь,35,3,
Psalms,36,3,,Псалтирь,35,4,
Psalms,36,4,,Псалтирь,35,5,
Psalms,36,5,,Псалтирь,35,6,
Psalms,36,6,,Псалтирь,35,7,
Psalms,36,7,,Псалтирь,35,8,
Psalms,36,8,,Псалтирь,35,9,
Psalms,36,9,,Псалтирь,35,10,
Psalms,36,10,,Псалтирь,35,11,
Psalms,36,11,,Псалтирь,35,12,
Psalms,36,12,,Псалтирь,35,13,
Psalms,37,1,,Псалтирь,36,1,
Psalms,37,2,,Псалтирь,36,2,
Psalms,37,3,,Псалтирь,36,3,
Psalms,37,4,,Псалтирь,36,4,
Psalms,37,5,,Псалтирь,36,5,
Psalms,37,6,,Псалтирь,36,6,
Psalms,37,7,,Псалтирь,36,7,
Psalms,37,8,,Псалтирь,36,8,
Psalms,37,9,,Псалтирь,36,9,
Psalms,37,10,,Псалтирь,36,10,
Psalms,37,11,,Псалтирь,36,11,
Psalms,37,12,,Псалтирь,36,12,
Psalms,37,13,,Псалтирь,36,13,
Psalms,37,14,,Псалтирь,36,14,
Psalms,37,15,,Псалтирь,36,15,
Psalms,37,16,,Псалтирь,36,16,
Psalms,37,17,,Псалтирь,36,17,
Psalms,37,18,,Псалтирь,36,18,
Psalms,37,19,,Псалтирь,36,19,
Psalms,37,20,,Псалтирь,36,20,
Psalms,37,21,,Псалтирь,36,21,
Psalms,37,22,,Псалтирь,36,22,
Psalms,37,23,,Псалтирь,36,23,
Psalms,37,24,,Псалтирь,36,24,
Psalms,37,25,,Псалтирь,36,25,
Psalms,37,26,,Псалтирь,36,26,
Psalms,37,27,,Псалтирь,36,27,
Psalms,37,28,,Псалтирь,36,28,
Psalms,37,29,,Псалтирь,36,29,
Psalms,37,30,,Псалтирь,36,30,
Psalms,37,31,,Псалтирь,36,31,
Psalms,37,32,,Псалтирь,36,32,
Psalms,37,33,,Псалтирь,36,33,
Psalms,37,34,,Псалтирь,36,34,
Psalms,37,35,,Псалтирь,36,35,
Psalms,37,36,,Псалтирь,36,36,
Psalms,37,37,,Псалтирь,36,37,
Psalms,37,38,,Псалтирь,36,38,
Psalms,37,39,,Псалтирь,36,39,
Psalms,37,40,,Псалтирь,36,40,
Psalms,38,0,,Псалтирь,37,1,
Psalms,38,1,,Псалтирь,37,2,
Psalms,38,2,,Псалтирь,37,3,
Psalms,38,3,,Псалтирь,37,4,
Psalms,38,4,,Псалтирь,37,5,
Psalms,38,5,,Псалтирь,37,6,
Psalms,38,6,,Псалтирь,37,7,
Psalms,38,7,,Псалтирь,37,8,
Psalms,38,8,,Псалтирь,37,9,
Psalms,38,9,,Псалтирь,37,10,
Psalms,38,10,,Псалтирь,37,11,
Psalms,38,11,,Псалтирь,37,12,
Psalms,38,12,,Псалтирь,37,13,
Psalms,38,13,,Псалтирь,37,14,
Psalms,38,14,,Псалтирь,37,15,
Psalms,38,15,,Псалтирь,37,16,
Psalms,38,16,,Псалтирь,37,17,
Psalms,38,17,,Псалтирь,37,18,
Psalms,38,18,,Псалтирь,37,19,
Psalms,38,19,,Псалтирь,37,20,
Psalms,38,20,,Псалтирь,37,21,
Psalms,38,21,,Псалтирь,37,22,
Psalms,38,22,,Псалтирь,37,23,
Psalms,39,0,,Псалтирь,38,1,
Psalms,39,1,,Псалтирь,38,2,
Psalms,39,2,,Псалтирь,38,3,
Psalms,39,3,,Псалтирь,38,4,
Psalms,39,4,,Псалтирь,38,5,
Psalms,39,5,,Псалтирь,38,6,
Psalms,39,6,,Псалтирь,38,7,
Psalms,39,7,,Псалтирь,38,8,
Psalms,39,8,,Псалтирь,38,9,
Psalms,39,9,,Псалтирь,38,10,
Psalms,39,10,,Псалтирь,38,11,
Psalms,39,11,,Псалтирь,38,12,
Psalms,39,12,,Псалтирь,38,13,
Psalms,39,13,,Псалтирь,38,14,
Psalms,40,0,,Псалтирь,39,1,
Psalms,40,1,,Псалтирь,39,2,
Psalms,40,2,,Псалтирь,39,3,
Psalms,40,3,,Псалтирь,39,4,
Psalms,40,4,,Псалтирь,39,5,
Psalms,40,5,,Псалтирь,39,6,
Psalms,40,6,,Псалтирь,39,7,
Psalms,40,7,,Псалтирь,39,8,
Psalms,40,8,,Псалтирь,39,9,
Psalms,40,9,,Псалтирь,39,10,
Psalms,40,10,,Псалтирь,39,11,
Psalms,40,11,,Псалтирь,39,12,
Psalms,40,12,,Псалтирь,39,13,
Psalms,40,13,,Псалтирь,39,14,
Psalms,40,14,,Псалтирь,39,15,
Psalms,40,15,,Псалтирь,39,16,
Psalms,40,16,,Псалтирь,39,17,
Psalms,40,17,,Псалтирь,39,18,
Psalms,41,0,,Псалтирь,40,1,
Psalms,41,1,,Псалтирь,40,2,
Psalms,41,2,,Псалтирь,40,3,
Psalms,41,3,,Псалтирь,40,4,
Psalms,41,4,,Псалтирь,40,5,
Psalms,41,5,,Псалтирь,40,6,
Psalms,41,6,,Псалтирь,40,7,
Psalms,41,7,,Псалтирь,40,8,
Psalms,41,8,,Псалтирь,40,9,
Psalms,41,9,,Псалтирь,40,10,
Psalms,41,10,,Псалтирь,40,11,
Psalms,41,11,,Псалтирь,40,12,
Psalms,41,12,,Псалтирь,40,13,
Psalms,41,13,,Псалтирь,40,14,
Psalms,42,0,,Псалтирь,41,1,
Psalms,42,1,,Псалтирь,41,2,
Psalms,42,2,,Псалтирь,41,3,
Psalms,42,3,,Псалтирь,41,4,
Psalms,42,4,,Псалтирь,41,5,
Psalms,42,5,,Псалтирь,41,6,
Psalms,42,6,,Псалтирь,41,7,
Psalms,42,7,,Псалтирь,41,8,
Psalms,42,8,,Псалтирь,41,9,
Psalms,42,9,,Псалтирь,41,10,
Psalms,42,10,,Псалтирь,41,11,
Psalms,42,11,,Псалтирь,41,12,
Psalms,43,1,,Псалтирь,42,1,
Psalms,43,2,,Псалтирь,42,2,
Psalms,43,3,,Псалтирь,42,3,
Psalms,43,4,,Псалтирь,42,4,
Psalms,43,5,,Псалтирь,42,5,
Psalms,44,0,,Псалтирь,43,1,
Psalms,44,1,,Псалтирь,43,2,
Psalms,44,2,,Псалтирь,43,3,
Psalms,44,3,,Псалтирь,43,4,
Psalms,44,4,,Псалтирь,43,5,
Psalms,44,5,,Псалтирь,43,6,
Psalms,44,6,,Псалтирь,43,7,
Psalms,44,7,,Псалтирь,43,8,
Psalms,44,8,,Псалтирь,43,9,
Psalms,44,9,,Псалтирь,43,10,
Psalms,44,10,,Псалтирь,43,11,
Psalms,44,11,,Псалтирь,43,12,
Psalms,44,12,,Псалтирь,43,13,
Psalms,44,13,,Псалтирь,43,14,
Psalms,44,14,,Псалтирь,43,15,
Psalms,44,15,,Псалтирь,43,16,
Psalms,44,16,,Псалтирь,43,17,
Psalms,44,17,,Псалтирь,43,18,
Psalms,44,18,,Псалтирь,43,19,
Psalms,44,19,,Псалтирь,43,20,
Psalms,44,20,,Псалтирь,43,21,
Psalms,44,21,,Псалтирь,43,22,
Psalms,44,22,,Псалтирь,43,23,
Psalms,44,23,,Псалтирь,43,24,
Psalms,44,24,,Псалтирь,43,25,
Psalms,44,25,,Псалтирь,43,26,
Psalms,44,26,,Псалтирь,43,27,
Psalms,45,0,,Псалтирь,44,1,
Psalms,45,1,,Псалтирь,44,2,
Psalms,45,2,,Псалтирь,44,3,
Psalms,45,3,,Псалтирь,44,4,
Psalms,45,4,,Псалтирь,44,5,
Psalms,45,5,,Псалтирь,44,6,
Psalms,45,6,,Псалтирь,44,7,
Psalms,45,7,,Псалтирь,44,8,
Psalms,45,8,,Псалтирь,44,9,
Psalms,45,9,,Псалтирь,44,10,
Psalms,45,10,,Псалтирь,44,11,
Psalms,45,11,,Псалтирь,44,12,
Psalms,45,12,,Псалтирь,44,13,
Psalms,45,13,,Псалтирь,44,14,
Psalms,45,14,,Псалтирь,44,15,
Psalms,45,15,,Псалтирь,44,16,
Psalms,45,16,,Псалтирь,44,17,
Psalms,45,17,,Псалтирь,44,18,
Psalms,46,0,,Псалтирь,45,1,
Psalms,46,1,,Псалтирь,45,2,
Psalms,46,2,,Псалтирь,45,3,
Psalms,46,3,,Псалтирь,45,4,
Psalms,46,4,,Псалтирь,45,5,
Psalms,46,5,,Псалтирь,45,6,
Psalms,46,6,,Псалтирь,45,7,
Psalms,46,7,,Псалтирь,45,8,
Psalms,46,8,,Псалтирь,45,9,
Psalms,46,9,,Псалтирь,45,10,
Psalms,46,10,,Псалтирь,45,11,
Psalms,46,11,,Псалтирь,45,12,
Psalms,47,0,,Псалтирь,46,1,
Psalms,47,1,,Псалтирь,46,2,
Psalms,47,2,,Псалтирь,46,3,
Psalms,47,3,,Псалтирь,46,4,
Psalms,47,4,,Псалтирь,46,5,
Psalms,47,5,,Псалтирь,46,6,
Psalms,47,6,,Псалтирь,46,7,
Psalms,47,7,,Псалтирь,46,8,
Psalms,47,8,,Псалтирь,46,9,
Psalms,47,9,,Псалтирь,46,10,
Psalms,48,0,,Псалтирь,47,1,
Psalms,48,1,,Псалтирь,47,2,
Psalms,48,2,,Псалтирь,47,3,
Psalms,48,3,,Псалтирь,47,4,
Psalms,48,4,,Псалтирь,47,5,
Psalms,48,5,,Псалтирь,47,6,
Psalms,48,6,,Псалтирь,47,7,
Psalms,48,7,,Псалтирь,47,8,
Psalms,48,8,,Псалтирь,47,9,
Psalms,48,9,,Псалтирь,47,10,
Psalms,48,10,,Псалтирь,47,11,
Psalms,48,11,,Псалтирь,47,12,
Psalms,48,12,,Псалтирь,47,13,
Psalms,48,13,,Псалтирь,47,14,
Psalms,48,14,,Псалтирь,47,15,
Psalms,49,0,,Псалтирь,48,1,
Psalms,49,1,,Псалтирь,48,2,
Psalms,49,2,,Псалтирь,48,3,
Psalms,49,3,,Псалтирь,48,4,
Psalms,49,4,,Псалтирь,48,5,
Psalms,49,5,,Псалтирь,48,6,
Psalms,49,6,,Псалтирь,48,7,
Psalms,49,7,,Псалтирь,48,8,
Psalms,49,8,,Псалтирь,48,9,
Psalms,49,9,,Псалтирь,48,10,
Psalms,49,10,,Псалтирь,48,11,
Psalms,49,11,,Псалтирь,48,12,
Psalms,49,12,,Псалтирь,48,13,
Psalms,49,13,,Псалтирь,48,14,
Psalms,49,14,,Псалтирь,48,15,
Psalms,49,15,,Псалтирь,48,16,
Psalms,49,16,,Псалтирь,48,17,
Psalms,49,17,,Псалтирь,48,18,
Psalms,49,18,,Псалтирь,48,19,
Psalms,49,19,,Псалтирь,48,20,
Psalms,49,20,,Псалтирь,48,21,
Psalms,50,1,,Псалтирь,49,1,
Psalms,50,2,,Псалтирь,49,2,
Psalms,50,3,,Псалтирь,49,3,
Psalms,50,4,,Псалтирь,49,4,
Psalms,50,5,,Псалтирь,49,5,
Psalms,50,6,,Псалтирь,49,6,
Psalms,50,7,,Псалтирь,49,7,
Psalms,50,8,,Псалтирь,49,8,
Psalms,50,9,,Псалтирь,49,9,
Psalms,50,10,,Псалтирь,49,10,
Psalms,50,11,,Псалтирь,49,11,
Psalms,50,12,,Псалтирь,49,12,
Psalms,50,13,,Псалтирь,49,13,
Psalms,50,14,,Псалтирь,49,14,
Psalms,50,15,,Псалтирь,49,15,
Psalms,50,16,,Псалтирь,49,16,
Psalms,50,17,,Псалтирь,49,17,
Psalms,50,18,,Псалтирь,49,18,
Psalms,50,19,,Псалтирь,49,19,
Psalms,50,20,,Псалтирь,49,20,
Psalms,50,21,,Псалтирь,49,21,
Psalms,50,22,,Псалтирь,49,22,
Psalms,50,23,,Псалтирь,49,23,
Psalms,51,0,a,Псалтирь,50,1,
Psalms,51,0,b,Псалтирь,50,2,
Psalms,51,1,,Псалтирь,50,3,
Psalms,51,2,,Псалтирь,50,4,
Psalms,51,3,,Псалтирь,50,5,
Psalms,51,4,,Псалтирь,50,6,
Psalms,51,5,,Псалтирь,50,7,
Psalms,51,6,,Псалтирь,50,8,
Psalms,51,7,,Псалтирь,50,9,
Psalms,51,8,,Псалтирь,50,10,
Psalms,51,9,,Псалтирь,50,11,
Psalms,51,10,,Псалтирь,50,12,
Psalms,51,11,,Псалтирь,50,13,
Psalms,51,12,,Псалтирь,50,14,
Psalms,51,13,,Псалтирь,50,15,
Psalms,51,14,,Псалтирь,50,16,
Psalms,51,15,,Псалтирь,50,17,
Psalms,51,16,,Псалтирь,50,18,
Psalms,51,17,,Псалтирь,50,19,
Psalms,51,18,,Псалтирь,50,20,
Psalms,51,19,,Псалтирь,50,21,
Psalms,52,0,a,Псалтирь,51,1,
Psalms,52,0,b,Псалтирь,51,2,
Psalms,52,1,,Псалтирь,51,3,
Psalms,52,2,,Псалтирь,51,4,
Psalms,52,3,,Псалтирь,51,5,
Psalms,52,4,,Псалтирь,51,6,
Psalms,52,5,,Псалтирь,51,7,
Psalms,52,6,,Псалтирь,51,8,
Psalms,52,7,,Псалтирь,51,9,
Psalms,52,8,,Псалтирь,51,10,
Psalms,52,9,,Псалтирь,51,11,
Psalms,53,0,,Псалтирь,52,1,
Psalms,53,1,,Псалтирь,52,2,
Psalms,53,2,,Псалтирь,52,3,
Psalms,53,3,,Псалтирь,52,4,
Psalms,53,4,,Псалтирь,52,5,
Psalms,53,5,,Псалтирь,52,6,
Psalms,53,6,,Псалтирь,52,7,
Psalms,54,0,a,Псалтирь,53,1,
Psalms,54,0,b,Псалтирь,53,2,
Psalms,54,1,,Псалтирь,53,3,
Psalms,54,2,,Псалтирь,53,4,
Psalms,54,3,,Псалтирь,53,5,
Psalms,54,4,,Псалтирь,53,6,
Psalms,54,5,,Псалтирь,53,7,
Psalms,54,6,,Псалтирь,53,8,
Psalms,54,7,,Псалтирь,53,9,
Psalms,55,0,,Псалтирь,54,1,
Psalms,55,1,,Псалтирь,54,2,
Psalms,55,2,,Псалтирь,54,3,
Psalms,55,3,,Псалтирь,54,4,
Psalms,55,4,,Псалтирь,54,5,
Psalms,55,5,,Псалтирь,54,6,
Psalms,55,6,,Псалтирь,54,7,
Psalms,55,7,,Псалтирь,54,8,
Psalms,55,8,,Псалтирь,54,9,
Psalms,55,9,,Псалтирь,54,10,
Psalms,55,10,,Псалтирь,54,11,
Psalms,55,11,,Псалтирь,54,12,
Psalms,55,12,,Псалтирь,54,13,
Psalms,55,13,,Псалтирь,54,14,
Psalms,55,14,,Псалтирь,54,15,
Psalms,55,15,,Псалтирь,54,16,
Psalms,55,16,,Псалтирь,54,17,
Psalms,55,17,,Псалтирь,54,18,
Psalms,55,18,,Псалтирь,54,19,
Psalms,55,19,,Псалтирь,54,20,
Psalms,55,20,,Псалтирь,54,21,
Psalms,55,21,,Псалтирь,54,22,
Psalms,55,22,,Псалтирь,54,23,
Psalms,55,23,,Псалтирь,54,24,
Psalms,56,0,,Псалтирь,55,1,
Psalms,56,1,,Псалтирь,55,2,
Psalms,56,2,,Псалтирь,55,3,
Psalms,56,3,,Псалтирь,55,4,
Psalms,56,4,,Псалтирь,55,5,
Psalms,56,5,,Псалтирь,55,6,
Psalms,56,6,,Псалтирь,55,7,
Psalms,56,7,,Псалтирь,55,8,
Psalms,56,8,,Псалтирь,55,9,
Psalms,56,9,,Псалтирь,55,10,
Psalms,56,10,,Псалтирь,55,11,
Psalms,56,11,,Псалтирь,55,12,
Psalms,56,12,,Псалтирь,55,13,
Psalms,56,13,,Псалтирь,55,14,
Psalms,57,0,,Псалтирь,56,1,
Psalms,57,1,,Псалтирь,56,2,
Psalms,57,2,,Псалтирь,56,3,
Psalms,57,3,,Псалтирь,56,4,
Psalms,57,4,,Псалтирь,56,5,
Psalms,57,5,,Псалтирь,56,6,
Psalms,57,6,,Псалтирь,56,7,
Psalms,57,7,,Псалтирь,56,8,
Psalms,57,8,,Псалтирь,56,9,
Psalms,57,9,,Псалтирь,56,10,
Psalms,57,10,,Псалтирь,56,11,
Psalms,57,11,,Псалтирь,56,12,
Psalms,58,0,,Псалтирь,57,1,
Psalms,58,1,,Псалтирь,57,2,
Psalms,58,2,,Псалтирь,57,3,
Psalms,58,3,,Псалтирь,57,4,
Psalms,58,4,,Псалтирь,57,5,
Psalms,58,5,,Псалтирь,57,6,
Psalms,58,6,,Псалтирь,57,7,
Psalms,58,7,,Псалтирь,57,8,
Psalms,58,8,,Псалтирь,57,9,
Psalms,58,9,,Псалтирь,57,10,
Psalms,58,10,,Псалтирь,57,11,
Psalms,58,11,,Псалтирь,57,12,
Psalms,59,0,,Псалтирь,58,1,
Psalms,59,1,,Псалтирь,58,2,
Psalms,59,2,,Псалтирь,58,3,
Psalms,59,3,,Псалтирь,58,4,
Psalms,59,4,,Псалтирь,58,5,
Psalms,59,5,,Псалтирь,58,6,
Psalms,59,6,,Псалтирь,58,7,
Psalms,59,7,,Псалтирь,58,8,
Psalms,59,8,,Псалтирь,58,9,
Psalms,59,9,,Псалтирь,58,10,
Psalms,59,10,,Псалтирь,58,11,
Psalms,59,11,,Псалтирь,58,12,
Psalms,59,12,,Псалтирь,58,13,
Psalms,59,13,,Псалтирь,58,14,
Psalms,59,14,,Псалтирь,58,15,
Psalms,59,15,,Псалтирь,58,16,
Psalms,59,16,,Псалтирь,58,17,
Psalms,59,17,,Псалтирь,58,18,
Psalms,60,0,a,Псалтирь,59,1,
Psalms,60,0,b,Псалтирь,59,2,
Psalms,60,1,,Псалтирь,59,3,
Psalms,60,2,,Псалтирь,59,4,
Psalms,60,3,,Псалтирь,59,5,
Psalms,60,4,,Псалтирь,59,6,
Psalms,60,5,,Псалтирь,59,7,
Psalms,60,6,,Псалтирь,59,8,
Psalms,60,7,,Псалтирь,59,9,
Psalms,60,8,,Псалтирь,59,10,
Psalms,60,9,,Псалтирь,59,11,
Psalms,60,10,,Псалтирь,59,12,
Psalms,60,11,,Псалтирь,59,13,
Psalms,60,12,,Псалтирь,59,14,
Psalms,61,0,,Псалтирь,60,1,
Psalms,61,1,,Псалтирь,60,2,
Psalms,61,2,,Псалтирь,60,3,
Psalms,61,3,,Псалтирь,60,4,
Psalms,61,4,,Псалтирь,60,5,
Psalms,61,5,,Псалтирь,60,6,
Psalms,61,6,,Псалтирь,60,7,
Psalms,61,7,,Псалтирь,60,8,
Psalms,61,8,,Псалтирь,60,9,
Psalms,62,0,,Псалтирь,61,1,
Psalms,62,1,,Псалтирь,61,2,
Psalms,62,2,,Псалтирь,61,3,
Psalms,62,3,,Псалтирь,61,4,
Psalms,62,4,,Псалтирь,61,5,
Psalms,62,5,,Псалтирь,61,6,
Psalms,62,6,,Псалтирь,61,7,
Psalms,62,7,,Псалтирь,61,8,
Psalms,62,8,,Псалтирь,61,9,
Psalms,62,9,,Псалтирь,61,10,
Psalms,62,10,,Псалтирь,61,11,
Psalms,62,11,,Псалтирь,61,12,
Psalms,62,12,,Псалтирь,61,13,
Psalms,63,0,,Псалтирь,62,1,
Psalms,63,1,,Псалтирь,62,2,
Psalms,63,2,,Псалтирь,62,3,
Psalms,63,3,,Псалтирь,62,4,
Psalms,63,4,,Псалтирь,62,5,
Psalms,63,5,,Псалтирь,62,6,
Psalms,63,6,,Псалтирь,62,7,
Psalms,63,7,,Псалтирь,62,8,
Psalms,63,8,,Псалтирь,62,9,
Psalms,63,9,,Псалтирь,62,10,
Psalms,63,10,,Псалтирь,62,11,
Psalms,63,11,,Псалтирь,62,12,
Psalms,64,0,,Псалтирь,63,1,
Psalms,64,1,,Псалтирь,63,2,
Psalms,64,2,,Псалтирь,63,3,
Psalms,64,3,,Псалтирь,63,4,
Psalms,64,4,,Псалтирь,63,5,
Psalms,64,5,,Псалтирь,63,6,
Psalms,64,6,,Псалтирь,63,7,
Psalms,64,7,,Псалтирь,63,8,
Psalms,64,8,,Псалтирь,63,9,
Psalms,64,9,,Псалтирь,63,10,
Psalms,64,10,,Псалтирь,63,11,
Psalms,65,0,,Псалтирь,64,1,
Psalms,65,1,,Псалтирь,64,2,
Psalms,65,2,,Псалтирь,64,3,
Psalms,65,3,,Псалтирь,64,4,
Psalms,65,4,,Псалтирь,64,5,
Psalms,65,5,,Псалтирь,64,6,
Psalms,65,6,,Псалтирь,64,7,
Psalms,65,7,,Псалтирь,64,8,
Psalms,65,8,,Псалтирь,64,9,
Psalms,65,9,,Псалтирь,64,10,
Psalms,65,10,,Псалтирь,64,11,
Psalms,65,11,,Псалтирь,64,12,
Psalms,65,12,,Псалтирь,64,13,
Psalms,65,13,,Псалтирь,64,14,
Psalms,66,1,,Псалтирь,65,1,
Psalms,66,2,,Псалтирь,65,2,
Psalms,66,3,,Псалтирь,65,3,
Psalms,66,4,,Псалтирь,65,4,
Psalms,66,5,,Псалтирь,65,5,
Psalms,66,6,,Псалтирь,65,6,
Psalms,66,7,,Псалтирь,65,7,
Psalms,66,8,,Псалтирь,65,8,
Psalms,66,9,,Псалтирь,65,9,
Psalms,66,10,,Псалтирь,65,10,
Psalms,66,11,,Псалтирь,65,11,
Psalms,66,12,,Псалтирь,65,12,
Psalms,66,13,,Псалтирь,65,13,
Psalms,66,14,,Псалтирь,65,14,
Psalms,66,15,,Псалтирь,65,15,
Psalms,66,16,,Псалтирь,65,16,
Psalms,66,17,,Псалтирь,65,17,
Psalms,66,18,,Псалтирь,65,18,
Psalms,66,19,,Псалтирь,65,19,
Psalms,66,20,,Псалтирь,65,20,
Psalms,67,0,,Псалтирь,66,1,
Psalms,67,1,,Псалтирь,66,2,
Psalms,67,2,,Псалтирь,66,3,
Psalms,67,3,,Псалтирь,66,4,
Psalms,67,4,,Псалтирь,66,5,
Psalms,67,5,,Псалтирь,66,6,
Psalms,67,6,,Псалтирь,66,7,
Psalms,67,7,,Псалтирь,66,8,
Psalms,68,0,,Псалтирь,67,1,
Psalms,68,1,,Псалтирь,67,2,
Psalms,68,2,,Псалтирь,67,3,
Psalms,68,3,,Псалтирь,67,4,
Psalms,68,4,,Псалтирь,67,5,
Psalms,68,5,,Псалтирь,67,6,
Psalms,68,6,,Псалтирь,67,7,
Psalms,68,7,,Псалтирь,67,8,
Psalms,68,8,,Псалтирь,67,9,
Psalms,68,9,,Псалтирь,67,10,
Psalms,68,10,,Псалтирь,67,11,
Psalms,68,11,,Псалтирь,67,12,
Psalms,68,12,,Псалтирь,67,13,
Psalms,68,13,,Псалтирь,67,14,
Psalms,68,14,,Псалтирь,67,15,
Psalms,68,15,,Псалтирь,67,16,
Psalms,68,16,,Псалтирь,67,17,
Psalms,68,17,,Псалтирь,67,18,
Psalms,68,18,,Псалтирь,67,19,
Psalms,68,19,,Псалтирь,67,20,
Psalms,68,20,,Псалтирь,67,21,
Psalms,68,21,,Псалтирь,67,22,
Psalms,68,22,,Псалтирь,67,23,
Psalms,68,23,,Псалтирь,67,24,
Psalms,68,24,,Псалтирь,67,25,
Psalms,68,25,,Псалтирь,67,26,
Psalms,68,26,,Псалтирь,67,27,
Psalms,68,27,,Псалтирь,67,28,
Psalms,68,28,,Псалтирь,67,29,
Psalms,68,29,,Псалтирь,67,30,
Psalms,68,30,,Псалтирь,67,31,
Psalms,68,31,,Псалтирь,67,32,
Psalms,68,32,,Псалтирь,67,33,
Psalms,68,33,,Псалтирь,67,34,
Psalms,68,34,,Псалтирь,67,35,
Psalms,68,35,,Псалтирь,67,36,
Psalms,69,0,,Псалтирь,68,1,
Psalms,69,1,,Псалтирь,68,2,
Psalms,69,2,,Псалтирь,68,3,
Psalms,69,3,,Псалтирь,68,4,
Psalms,69,4,,Псалтирь,68,5,
Psalms,69,5,,Псалтирь,68,6,
Psalms,69,6,,Псалтирь,68,7,
Psalms,69,7,,Псалтирь,68,8,
Psalms,69,8,,Псалтирь,68,9,
Psalms,69,9,,Псалтирь,68,10,
Psalms,69,10,,Псалтирь,68,11,
Psalms,69,11,,Псалтирь,68,12,
Psalms,69,12,,Псалтирь,68,13,
Psalms,69,13,,Псалтирь,68,14,
Psalms,69,14,,Псалтирь,68,15,
Psalms,69,15,,Псалтирь,68,16,
Psalms,69,16,,Псалтирь,68,17,
Psalms,69,17,,Псалтирь,68,18,
Psalms,69,18,,Псалтирь,68,19,
Psalms,69,19,,Псалтирь,68,20,
Psalms,69,20,,Псалтирь,68,21,
Psalms,69,21,,Псалтирь,68,22,
Psalms,69,22,,Псалтирь,68,23,
Psalms,69,23,,Псалтирь,68,24,
Psalms,69,24,,Псалтирь,68,25,
Psalms,69,25,,Псалтирь,68,26,
Psalms,69,26,,Псалтирь,68,27,
Psalms,69,27,,Псалтирь,68,28,
Psalms,69,28,,Псалтирь,68,29,
Psalms,69,29,,Псалтирь,68,30,
Psalms,69,30,,Псалтирь,68,31,
Psalms,69,31,,Псалтирь,68,32,
Psalms,69,32,,Псалтирь,68,33,
Psalms,69,33,,Псалтирь,68,34,
Psalms,69,34,,Псалтирь,68,35,
Psalms,69,35,,Псалтирь,68,36,
Psalms,69,36,,Псалтирь,68,37,
Psalms,70,0,,Псалтирь,69,1,
Psalms,70,1,,Псалтирь,69,2,
Psalms,70,2,,Псалтирь,69,3,
Psalms,70,3,,Псалтирь,69,4,
Psalms,70,4,,Псалтирь,69,5,
Psalms,70,5,,Псалтирь,69,6,
Psalms,71,1,,Псалтирь,70,1,
Psalms,71,2,,Псалтирь,70,2,
Psalms,71,3,,Псалтирь,70,3,
Psalms,71,4,,Псалтирь,70,4,
Psalms,71,5,,Псалтирь,70,5,
Psalms,71,6,,Псалтирь,70,6,
Psalms,71,7,,Псалтирь,70,7,
Psalms,71,8,,Псалтирь,70,8,
Psalms,71,9,,Псалтирь,70,9,
Psalms,71,10,,Псалтирь,70,10,
Psalms,71,11,,Псалтирь,70,11,
Psalms,71,12,,Псалтирь,70,12,
Psalms,71,13,,Псалтирь,70,13,
Psalms,71,14,,Псалтирь,70,14,
Psalms,71,15,,Псалтирь,70,15,
Psalms,71,16,,Псалтирь,70,16,
Psalms,71,17,,Псалтирь,70,17,
Psalms,71,18,,Псалтирь,70,18,
Psalms,71,19,,Псалтирь,70,19,
Psalms,71,20,,Псалтирь,70,20,
Psalms,71,21,,Псалтирь,70,21,
Psalms,71,22,,Псалтирь,70,22,
Psalms,71,23,,Псалтирь,70,23,
Psalms,71,24,,Псалтирь,70,24,
Psalms,72,1,,Псалтирь,71,1,
Psalms,72,2,,Псалтирь,71,2,
Psalms,72,3,,Псалтирь,71,3,
Psalms,72,4,,Псалтирь,71,4,
Psalms,72,5,,Псалтирь,71,5,
Psalms,72,6,,Псалтирь,71,6,
Psalms,72,7,,Псалтирь,71,7,
Psalms,72,8,,Псалтирь,71,8,
Psalms,72,9,,Псалтирь,71,9,
Psalms,72,10,,Псалтирь,71,10,
Psalms,72,11,,Псалтирь,71,11,
Psalms,72,12,,Псалтирь,71,12,
Psalms,72,13,,Псалтирь,71,13,
Psalms,72,14,,Псалтирь,71,14,
Psalms,72,15,,Псалтирь,71,15,
Psalms,72,16,,Псалтирь,71,16,
Psalms,72,17,,Псалтирь,71,17,
Psalms,72,18,,Псалтирь,71,18,
Psalms,72,19,,Псалтирь,71,19,
Psalms,72,20,,Псалтирь,71,20,
Psalms,73,1,,Псалтирь,72,1,
Psalms,73,2,,Псалтирь,72,2,
Psalms,73,3,,Псалтирь,72,3,
Psalms,73,4,,Псалтирь,72,4,
Psalms,73,5,,Псалтирь,72,5,
Psalms,73,6,,Псалтирь,72,6,
Psalms,73,7,,Псалтирь,72,7,
Psalms,73,8,,Псалтирь,72,8,
Psalms,73,9,,Псалтирь,72,9,
Psalms,73,10,,Псалтирь,72,10,
Psalms,73,11,,Псалтирь,72,11,
Psalms,73,12,,Псалтирь,72,12,
Psalms,73,13,,Псалтирь,72,13,
Psalms,73,14,,Псалтирь,72,14,
Psalms,73,15,,Псалтирь,72,15,
Psalms,73,16,,Псалтирь,72,16,
Psalms,73,17,,Псалтирь,72,17,
Psalms,73,18,,Псалтирь,72,18,
Psalms,73,19,,Псалтирь,72,19,
Psalms,73,20,,Псалтирь,72,20,
Psalms,73,21,,Псалтирь,72,21,
Psalms,73,22,,Псалтирь,72,22,
Psalms,73,23,,Псалтирь,72,23,
Psalms,73,24,,Псалтирь,72,24,
Psalms,73,25,,Псалтирь,72,25,
Psalms,73,26,,Псалтирь,72,26,
Psalms,73,27,,Псалтирь,72,27,
Psalms,73,28,,Псалтирь,72,28,
Psalms,74,1,,Псалтирь,73,1,
Psalms,74,2,,Псалтирь,73,2,
Psalms,74,3,,Псалтирь,73,3,
Psalms,74,4,,Псалтирь,73,4,
Psalms,74,5,,Псалтирь,73,5,
Psalms,74,6,,Псалтирь,73,6,
Psalms,74,7,,Псалтирь,73,7,
Psalms,74,8,,Псалтирь,73,8,
Psalms,74,9,,Псалтирь,73,9,
Psalms,74,10,,Псалтирь,73,10,
Psalms,74,11,,Псалтирь,73,11,
Psalms,74,12,,Псалтирь,73,12,
Psalms,74,13,,Псалтирь,73,13,
Psalms,74,14,,Псалтирь,73,14,
Psalms,74,15,,Псалтирь,73,15,
Psalms,74,16,,Псалтирь,73,16,
Psalms,74,17,,Псалтирь,73,17,
Psalms,74,18,,Псалтирь,73,18,
Psalms,74,19,,Псалтирь,73,19,
Psalms,74,20,,Псалтирь,73,20,
Psalms,74,21,,Псалтирь,73,21,
Psalms,74,22,,Псалтирь,73,22,
Psalms,74,23,,Псалтирь,73,23,
Psalms,75,0,,Псалтирь,74,1,
Psalms,75,1,,Псалтирь,74,2,
Psalms,75,2,,Псалтирь,74,3,
Psalms,75,3,,Псалтирь,74,4,
Psalms,75,4,,Псалтирь,74,5,
Psalms,75,5,,Псалтирь,74,6,
Psalms,75,6,,Псалтирь,74,7,
Psalms,75,7,,Псалтирь,74,8,
Psalms,75,8,,Псалтирь,74,9,
Psalms,75,9,,Псалтирь,74,10,
Psalms,75,10,,Псалтирь,74,11,
Psalms,76,0,,Псалтирь,75,1,
Psalms,76,1,,Псалтирь,75,2,
Psalms,76,2,,Псалтирь,75,3,
Psalms,76,3,,Псалтирь,75,4,
Psalms,76,4,,Псалтирь,75,5,
Psalms,76,5,,Псалтирь,75,6,
Psalms,76,6,,Псалтирь,75,7,
Psalms,76,7,,Псалтирь,75,8,
Psalms,76,8,,Псалтирь,75,9,
Psalms,76,9,,Псалтирь,75,10,
Psalms,76,10,,Псалтирь,75,11,
Psalms,76,11,,Псалтирь,75,12,
Psalms,76,12,,Псалтирь,75,13,
Psalms,77,0,,Псалтирь,76,1,
Psalms,77,1,,Псалтирь,76,2,
Psalms,77,2,,Псалтирь,76,3,
Psalms,77,3,,Псалтирь,76,4,
Psalms,77,4,,Псалтирь,76,5,
Psalms,77,5,,Псалтирь,76,6,
Psalms,77,6,,Псалтирь,76,7,
Psalms,77,7,,Псалтирь,76,8,
Psalms,77,8,,Псалтирь,76,9,
Psalms,77,9,,Псалтирь,76,10,
Psalms,77,10,,Псалтирь,76,11,
Psalms,77,11,,Псалтирь,76,12,
Psalms,77,12,,Псалтирь,76,13,
Psalms,77,13,,Псалтирь,76,14,
Psalms,77,14,,Псалтирь,76,15,
Psalms,77,15,,Псалтирь,76,16,
Psalms,77,16,,Псалтирь,76,17,
Psalms,77,17,,Псалтирь,76,18,
Psalms,77,18,,Псалтирь,76,19,
Psalms,77,19,,Псалтирь,76,20,
Psalms,77,20,,Псалтирь,76,21,
Psalms,78,1,,Псалтирь,77,1,
Psalms,78,2,,Псалтирь,77,2,
Psalms,78,3,,Псалтирь,77,3,
Psalms,78,4,,Псалтирь,77,4,
Psalms,78,5,,Псалтирь,77,5,
Psalms,78,6,,Псалтирь,77,6,
Psalms,78,7,,Псалтирь,77,7,
Psalms,78,8,,Псалтирь,77,8,
Psalms,78,9,,Псалтирь,77,9,
Psalms,78,10,,Псалтирь,77,10,
Psalms,78,11,,Псалтирь,77,11,
Psalms,78,12,,Псалтирь,77,12,
Psalms,78,13,,Псалтирь,77,13,
Psalms,78,14,,Псалтирь,77,14,
Psalms,78,15,,Псалтирь,77,15,
Psalms,78,16,,Псалтирь,77,16,
Psalms,78,17,,Псалтирь,77,17,
Psalms,78,18,,Псалтирь,77,18,
Psalms,78,19,,Псалтирь,77,19,
Psalms,78,20,,Псалтирь,77,20,
Psalms,78,21,,Псалтирь,77,21,
Psalms,78,22,,Псалтирь,77,22,
Psalms,78,23,,Псалтирь,77,23,
Psalms,78,24,,Псалтирь,77,24,
Psalms,78,25,,Псалтирь,77,25,
Psalms,78,26,,Псалтирь,77,26,
Psalms,78,27,,Псалтирь,77,27,
Psalms,78,28,,Псалтирь,77,28,
Psalms,78,29,,Псалтирь,77,29,
Psalms,78,30,,Псалтирь,77,30,
Psalms,78,31,,Псалтирь,77,31,
Psalms,78,32,,Псалтирь,77,32,
Psalms,78,33,,Псалтирь,77,33,
Psalms,78,34,,Псалтирь,77,34,
Psalms,78,35,,Псалтирь,77,35,
Psalms,78,36,,Псалтирь,77,36,
Psalms,78,37,,Псалтирь,77,37,
Psalms,78,38,,Псалтирь,77,38,
Psalms,78,39,,Псалтирь,77,39,
Psalms,78,40,,Псалтирь,77,40,
Psalms,78,41,,Псалтирь,77,41,
Psalms,78,42,,Псалтирь,77,42,
Psalms,78,43,,Псалтирь,77,43,
Psalms,78,44,,Псалтирь,77,44,
Psalms,78,45,,Псалтирь,77,45,
Psalms,78,46,,Псалтирь,77,46,
Psalms,78,47,,Псалтирь,77,47,
Psalms,78,48,,Псалтирь,77,48,
Psalms,78,49,,Псалтирь,77,49,
Psalms,78,50,,Псалтирь,77,50,
Psalms,78,51,,Псалтирь,77,51,
Psalms,78,52,,Псалтирь,77,52,
Psalms,78,53,,Псалтирь,77,53,
Psalms,78,54,,Псалтирь,77,54,
Psalms,78,55,,Псалтирь,77,55,
Psalms,78,56,,Псалтирь,77,56,
Psalms,78,57,,Псалтирь,77,57,
Psalms,78,58,,Псалтирь,77,58,
Psalms,78,59,,Псалтирь,77,59,
Psalms,79,0,,Псалтирь,78,0,
Psalms,79,0,,Псалтирь,78,1,
Psalms,79,1,,Псалтирь,78,1,
Psalms,79,2,,Псалтирь,78,2,
Psalms,79,3,,Псалтирь,78,3,
Psalms,79,4,,Псалтирь,78,4,
Psalms,79,5,,Псалтирь,78,5,
Psalms,79,6,,Псалтирь,78,6,
Psalms,79,7,,Псалтирь,78,7,
Psalms,79,8,,Псалтирь,78,8,
Psalms,79,9,,Псалтирь,78,9,
Psalms,79,10,,Псалтирь,78,10,
Psalms,79,11,,Псалтирь,78,11,
Psalms,79,12,,Псалтирь,78,12,
Psalms,79,13,,Псалтирь,78,13,
Psalms,80,0,,Псалтирь,79,1,
Psalms,80,1,,Псалтирь,79,2,
Psalms,80,2,,Псалтирь,79,3,
Psalms,80,3,,Псалтирь,79,4,
Psalms,80,4,,Псалтирь,79,5,
Psalms,80,5,,Псалтирь,79,6,
Psalms,80,6,,Псалтирь,79,7,
Psalms,80,7,,Псалтирь,79,8,
Psalms,80,8,,Псалтирь,79,9,
Psalms,80,9,,Псалтирь,79,10,
Psalms,80,10,,Псалтирь,79,11,
Psalms,80,11,,Псалтирь,79,12,
Psalms,80,12,,Псалтирь,79,13,
Psalms,80,13,,Псалтирь,79,14,
Psalms,80,14,,Псалтирь,79,15,
Psalms,80,15,,Псалтирь,79,16,
Psalms,80,16,,Псалтирь,79,17,
Psalms,80,17,,Псалтирь,79,18,
Psalms,80,18,,Псалтирь,79,19,
Psalms,80,19,,Псалтирь,79,20,
Psalms,81,0,,Псалтирь,80,1,
Psalms,81,1,,Псалтирь,80,2,
Psalms,81,2,,Псалтирь,80,3,
Psalms,81,3,,Псалтирь,80,4,
Psalms,81,4,,Псалтирь,80,5,
Psalms,81,5,,Псалтирь,80,6,
Psalms,81,6,,Псалтирь,80,7,
Psalms,81,7,,Псалтирь,80,8,
Psalms,81,8,,Псалтирь,80,9,
Psalms,81,9,,Псалтирь,80,10,
Psalms,81,10,,Псалтирь,80,11,
Psalms,81,11,,Псалтирь,80,12,
Psalms,81,12,,Псалтирь,80,13,
Psalms,81,13,,Псалтирь,80,14,
Psalms,81,14,,Псалтирь,80,15,
Psalms,81,15,,Псалтирь,80,16,
Psalms,81,16,,Псалтирь,80,17,
Psalms,82,1,,Псалтирь,81,1,
Psalms,82,2,,Псалтирь,81,2,
Psalms,82,3,,Псалтирь,81,3,
Psalms,82,4,,Псалтирь,81,4,
Psalms,82,5,,Псалтирь,81,5,
Psalms,82,6,,Псалтирь,81,6,
Psalms,82,7,,Псалтирь,81,7,
Psalms,82,8,,Псалтирь,81,8,
Psalms,83,0,,Псалтирь,82,1,
Psalms,83,1,,Псалтирь,82,2,
Psalms,83,2,,Псалтирь,82,3,
Psalms,83,3,,Псалтирь,82,4,
Psalms,83,4,,Псалтирь,82,5,
Psalms,83,5,,Псалтирь,82,6,
Psalms,83,6,,Псалтирь,82,7,
Psalms,83,7,,Псалтирь,82,8,
Psalms,83,8,,Псалтирь,82,9,
Psalms,83,9,,Псалтирь,82,10,
Psalms,83,10,,Псалтирь,82,11,
Psalms,83,11,,Псалтирь,82,12,
Psalms,83,12,,Псалтирь,82,13,
Psalms,83,13,,Псалтирь,82,14,
Psalms,83,14,,Псалтирь,82,15,
Psalms,83,15,,Псалтирь,82,16,
Psalms,83,16,,Псалтирь,82,17,
Psalms,83,17,,Псалтирь,82,18,
Psalms,83,18,,Псалтирь,82,19,
Psalms,84,0,,Псалтирь,83,1,
Psalms,84,1,,Псалтирь,83,2,
Psalms,84,2,,Псалтирь,83,3,
Psalms,84,3,,Псалтирь,83,4,
Psalms,84,4,,Псалтирь,83,5,
Psalms,84,5,,Псалтирь,83,6,
Psalms,84,6,,Псалтирь,83,7,
Psalms,84,7,,Псалтирь,83,8,
Psalms,84,8,,Псалтирь,83,9,
Psalms,84,9,,Псалтирь,83,10,
Psalms,84,10,,Псалтирь,83,11,
Psalms,84,11,,Псалтирь,83,12,
Psalms,84,12,,Псалтирь,83,13,
Psalms,85,0,,Псалтирь,84,1,
Psalms,85,1,,Псалтирь,84,2,
Psalms,85,2,,Псалтирь,84,3,
Psalms,85,3,,Псалтирь,84,4,
Psalms,85,4,,Псалтирь,84,5,
Psalms,85,5,,Псалтирь,84,6,
Psalms,85,6,,Псалтирь,84,7,
Psalms,85,7,,Псалтирь,84,8,
Psalms,85,8,,Псалтирь,84,9,
Psalms,85,9,,Псалтирь,84,10,
Psalms,85,10,,Псалтирь,84,11,
Psalms,85,11,,Псалтирь,84,12,
Psalms,85,12,,Псалтирь,84,13,
Psalms,85,13,,Псалтирь,84,14,
Psalms,86,1,,Псалтирь,85,1,
Psalms,86,2,,Псалтирь,85,2,
Psalms,86,3,,Псалтирь,85,3,
Psalms,86,4,,Псалтирь,85,4,
Psalms,86,5,,Псалтирь,85,5,
Psalms,86,6,,Псалтирь,85,6,
Psalms,86,7,,Псалтирь,85,7,
Psalms,86,8,,Псалтирь,85,8,
Psalms,86,9,,Псалтирь,85,9,
Psalms,86,10,,Псалтирь,85,10,
Psalms,86,11,,Псалтирь,85,11,
Psalms,86,12,,Псалтирь,85,12,
Psalms,86,13,,Псалтирь,85,13,
Psalms,86,14,,Псалтирь,85,14,
Psalms,86,15,,Псалтирь,85,15,
Psalms,86,16,,Псалтирь,85,16,
Psalms,86,17,,Псалтирь,85,17,
Psalms,87,0,,Псалтирь,86,1,
Psalms,87,1,,Псалтирь,86,2,a
Psalms,87,2,,Псалтирь,86,2,b
Psalms,87,3,,Псалтирь,86,3,
Psalms,87,4,,Псалтирь,86,4,
Psalms,87,5,,Псалтирь,86,5,
Psalms,87,6,,Псалтирь,86,6,
Psalms,87,7,,Псалтирь,86,7,
Psalms,88,0,,Псалтирь,87,1,
Psalms,88,1,,Псалтирь,87,2,
Psalms,88,2,,Псалтирь,87,3,
Psalms,88,3,,Псалтирь,87,4,
Psalms,88,4,,Псалтирь,87,5,
Psalms,88,5,,Псалтирь,87,6,
Psalms,88,6,,Псалтирь,87,7,
Psalms,88,7,,Псалтирь,87,8,
Psalms,88,8,,Псалтирь,87,9,
Psalms,88,9,,Псалтирь,87,10,
Psalms,88,10,,Псалтирь,87,11,
Psalms,88,11,,Псалтирь,87,12,
Psalms,88,12,,Псалтирь,87,13,
Psalms,88,13,,Псалтирь,87,14,
Psalms,88,14,,Псалтирь,87,15,
Psalms,88,15,,Псалтирь,87,16,
Psalms,88,16,,Псалтирь,87,17,
Psalms,88,17,,Псалтирь,87,18,
Psalms,88,18,,Псалтирь,87,19,
Psalms,89,0,,Псалтирь,88,1,
Psalms,89,1,,Псалтирь,88,2,
Psalms,89,2,,Псалтирь,88,3,
Psalms,89,3,,Псалтирь,88,4,
Psalms,89,4,,Псалтирь,88,5,
Psalms,89,5,,Псалтирь,88,6,
Psalms,89,6,,Псалтирь,88,7,
Psalms,89,7,,Псалтирь,88,8,
Psalms,89,8,,Псалтирь,88,9,
Psalms,89,9,,Псалтирь,88,10,
Psalms,89,10,,Псалтирь,88,11,
Psalms,89,11,,Псалтирь,88,12,
Psalms,89,12,,Псалтирь,88,13,
Psalms,89,13,,Псалтирь,88,14,
Psalms,89,14,,Псалтирь,88,15,
Psalms,89,15,,Псалтирь,88,16,
Psalms,89,16,,Псалтирь,88,17,
Psalms,89,17,,Псалтирь,88,18,
Psalms,89,18,,Псалтирь,88,19,
Psalms,89,19,,Псалтирь,88,20,
Psalms,89,20,,Псалтирь,88,21,
Psalms,89,21,,Псалтирь,88,22,
Psalms,89,22,,Псалтирь,88,23,
Psalms,89,23,,Псалтирь,88,24,
Psalms,89,24,,Псалтирь,88,25,
Psalms,89,25,,Псалтирь,88,26,
Psalms,89,26,,Псалтирь,88,27,
Psalms,89,27,,Псалтирь,88,28,
Psalms,89,28,,Псалтирь,88,29,
Psalms,89,29,,Псалтирь,88,30,
Psalms,89,30,,Псалтирь,88,31,
Psalms,89,31,,Псалтирь,88,32,
Psalms,89,32,,Псалтирь,88,33,
Psalms,89,33,,Псалтирь,88,34,
Psalms,89,34,,Псалтирь,88,35,
Psalms,89,35,,Псалтирь,88,36,
Psalms,89,36,,Псалтирь,88,37,
Psalms,89,37,,Псалтирь,88,38,
Psalms,89,38,,Псалтирь,88,39,
Psalms,89,39,,Псалтирь,88,40,
Psalms,89,40,,Псалтирь,88,41,
Psalms,89,41,,Псалтирь,88,42,
Psalms,89,42,,Псалтирь,88,43,
Psalms,89,43,,Псалтирь,88,44,
Psalms,89,44,,Псалтирь,88,45,
Psalms,89,45,,Псалтирь,88,46,
Psalms,89,46,,Псалтирь,88,47,
Psalms,89,47,,Псалтирь,88,48,
Psalms,89,48,,Псалтирь,88,49,
Psalms,89,49,,Псалтирь,88,50,
Psalms,89,50,,Псалтирь,88,51,
Psalms,89,51,,Псалтирь,88,52,
Psalms,89,52,,Псалтирь,88,53,
Psalms,90,0,,Псалтирь,89,1,
Psalms,90,1,,Псалтирь,89,2,
Psalms,90,2,,Псалтирь,89,3,
Psalms,90,3,,Псалтирь,89,4,
Psalms,90,4,,Псалтирь,89,5,
Psalms,90,5,,Псалтирь,89,6,a
Psalms,90,6,,Псалтирь,89,6,b
Psalms,90,7,,Псалтирь,89,7,
Psalms,90,8,,Псалтирь,89,8,
Psalms,90,9,,Псалтирь,89,9,
Psalms,90,10,,Псалтирь,89,10,
Psalms,90,11,,Псалтирь,89,11,
Psalms,90,12,,Псалтирь,89,12,
Psalms,90,13,,Псалтирь,89,13,
Psalms,90,14,,Псалтирь,89,14,
Psalms,90,15,,Псалтирь,89,15,
Psalms,90,16,,Псалтирь,89,16,
Psalms,90,17,,Псалтирь,89,17,
Psalms,91,1,,Псалтирь,90,1,
Psalms,91,2,,Псалтирь,90,2,
Psalms,91,3,,Псалтирь,90,3,
Psalms,91,4,,Псалтирь,90,4,
Psalms,91,5,,Псалтирь,90,5,
Psalms,91,6,,Псалтирь,90,6,
Psalms,91,7,,Псалтирь,90,7,
Psalms,91,8,,Псалтирь,90,8,
Psalms,91,9,,Псалтирь,90,9,
Psalms,91,10,,Псалтирь,90,10,
Psalms,91,11,,Псалтирь,90,11,
Psalms,91,12,,Псалтирь,90,12,
Psalms,91,13,,Псалтирь,90,13,
Psalms,91,14,,Псалтирь,90,14,
Psalms,91,15,,Псалтирь,90,15,
Psalms,91,16,,Псалтирь,90,16,
Psalms,92,0,,Псалтирь,91,1,
Psalms,92,1,,Псалтирь,91,2,
Psalms,92,2,,Псалтирь,91,3,
Psalms,92,3,,Псалтирь,91,4,
Psalms,92,4,,Псалтирь,91,5,
Psalms,92,5,,Псалтирь,91,6,
Psalms,92,6,,Псалтирь,91,7,
Psalms,92,7,,Псалтирь,91,8,
Psalms,92,8,,Псалтирь,91,9,
Psalms,92,9,,Псалтирь,91,10,
Psalms,92,10,,Псалтирь,91,11,
Psalms,92,11,,Псалтирь,91,12,
Psalms,92,12,,Псалтирь,91,13,
Psalms,92,13,,Псалтирь,91,14,
Psalms,92,14,,Псалтирь,91,15,
Psalms,92,15,,Псалтирь,91,16,
Psalms,93,1,,Псалтирь,92,1,
Psalms,93,2,,Псалтирь,92,2,
Psalms,93,3,,Псалтирь,92,3,
Psalms,93,4,,Псалтирь,92,4,
Psalms,93,5,,Псалтирь,92,5,
Psalms,94,1,,Псалтирь,93,1,
Psalms,94,2,,Псалтирь,93,2,
Psalms,94,3,,Псалтирь,93,3,
Psalms,94,4,,Псалтирь,93,4,
Psalms,94,5,,Псалтирь,93,5,
Psalms,94,6,,Псалтирь,93,6,
Psalms,94,7,,Псалтирь,93,7,
Psalms,94,8,,Псалтирь,93,8,
Psalms,94,9,,Псалтирь,93,9,
Psalms,94,10,,Псалтирь,93,10,
Psalms,94,11,,Псалтирь,93,11,
Psalms,94,12,,Псалтирь,93,12,
Psalms,94,13,,Псалтирь,93,13,
Psalms,94,14,,Псалтирь,93,14,
Psalms,94,15,,Псалтирь,93,15,
Psalms,94,16,,Псалтирь,93,16,
Psalms,94,17,,Псалтирь,93,17,
Psalms,94,18,,Псалтирь,93,18,
Psalms,94,19,,Псалтирь,93,19,
Psalms,94,20,,Псалтирь,93,20,
Psalms,94,21,,Псалтирь,93,21,
Psalms,94,22,,Псалтирь,93,22,
Psalms,94,23,,Псалтирь,93,23,
Psalms,95,1,,Псалтирь,94,1,
Psalms,95,2,,Псалтирь,94,2,
Psalms,95,3,,Псалтирь,94,3,
Psalms,95,4,,Псалтирь,94,4,
Psalms,95,5,,Псалтирь,94,5,
Psalms,95,6,,Псалтирь,94,6,
Psalms,95,7,,Псалтирь,94,7,
Psalms,95,8,,Псалтирь,94,8,
Psalms,95,9,,Псалтирь,94,9,
Psalms,95,10,,Псалтирь,94,10,
Psalms,95,11,,Псалтирь,94,11,
Psalms,96,1,,Псалтирь,95,1,
Psalms,96,2,,Псалтирь,95,2,
Psalms,96,3,,Псалтирь,95,3,
Psalms,96,4,,Псалтирь,95,4,
Psalms,96,5,,Псалтирь,95,5,
Psalms,96,6,,Псалтирь,95,6,
Psalms,96,7,,Псалтирь,95,7,
Psalms,96,8,,Псалтирь,95,8,
Psalms,96,9,,Псалтирь,95,9,
Psalms,96,10,,Псалтирь,95,10,
Psalms,96,11,,Псалтирь,95,11,
Psalms,96,12,,Псалтирь,95,12,
Psalms,96,13,,Псалтирь,95,13,
Psalms,97,1,,Псалтирь,96,1,
Psalms,97,2,,Псалтирь,96,2,
Psalms,97,3,,Псалтирь,96,3,
Psalms,97,4,,Псалтирь,96,4,
Psalms,97,5,,Псалтирь,96,5,
Psalms,97,6,,Псалтирь,96,6,
Psalms,97,7,,Псалтирь,96,7,
Psalms,97,8,,Псалтирь,96,8,
Psalms,97,9,,Псалтирь,96,9,
Psalms,97,10,,Псалтирь,96,10,
Psalms,97,11,,Псалтирь,96,11,
Psalms,97,12,,Псалтирь,96,12,
Psalms,98,1,,Псалтирь,97,1,
Psalms,98,2,,Псалтирь,97,2,
Psalms,98,3,,Псалтирь,97,3,
Psalms,98,4,,Псалтирь,97,4,
Psalms,98,5,,Псалтирь,97,5,
Psalms,98,6,,Псалтирь,97,6,
Psalms,98,7,,Псалтирь,97,7,
Psalms,98,8,,Псалтирь,97,8,
Psalms,98,9,,Псалтирь,97,9,
Psalms,99,1,,Псалтирь,98,1,
Psalms,99,2,,Псалтирь,98,2,
Psalms,99,3,,Псалтирь,98,3,
Psalms,99,4,,Псалтирь,98,4,
Psalms,99,5,,Псалтирь,98,5,
Psalms,99,6,,Псалтирь,98,6,
Psalms,99,7,,Псалтирь,98,7,
Psalms,99,8,,Псалтирь,98,8,
Psalms,99,9,,Псалтирь,98,9,
Psalms,100,1,,Псалтирь,99,1,
Psalms,100,2,,Псалтирь,99,2,
Psalms,100,3,,Псалтирь,99,3,
Psalms,100,4,,Псалтирь,99,4,
Psalms,100,5,,Псалтирь,99,5,
Psalms,101,1,,Псалтирь,100,1,
Psalms,101,2,,Псалтирь,100,2,
Psalms,101,3,,Псалтирь,100,3,
Psalms,101,4,,Псалтирь,100,4,
Psalms,101,5,,Псалтирь,100,5,
Psalms,101,6,,Псалтирь,100,6,
Psalms,101,7,,Псалтирь,100,7,
Psalms,101,8,,Псалтирь,100,8,
Psalms,102,0,,Псалтирь,101,1,
Psalms,102,1,,Псалтирь,101,2,
Psalms,102,2,,Псалтирь,101,3,
Psalms,102,3,,Псалтирь,101,4,
Psalms,102,4,,Псалтирь,101,5,
Psalms,102,5,,Псалтирь,101,6,
Psalms,102,6,,Псалтирь,101,7,
Psalms,102,7,,Псалтирь,101,8,
Psalms,102,8,,Псалтирь,101,9,
Psalms,102,9,,Псалтирь,101,10,
Psalms,102,10,,Псалтирь,101,11,
Psalms,102,11,,Псалтирь,101,12,
Psalms,102,12,,Псалтирь,101,13,
Psalms,102,13,,Псалтирь,101,14,
Psalms,102,14,,Псалтирь,101,15,
Psalms,102,15,,Псалтирь,101,16,
Psalms,102,16,,Псалтирь,101,17,
Psalms,102,17,,Псалтирь,101,18,
Psalms,102,18,,Псалтирь,101,19,
Psalms,102,19,,Псалтирь,101,20,
Psalms,102,20,,Псалтирь,101,21,
Psalms,102,21,,Псалтирь,101,22,
Psalms,102,22,,Псалтирь,101,23,
Psalms,102,23,,Псалтирь,101,24,
Psalms,102,24,,Псалтирь,101,25,
Psalms,102,25,,Псалтирь,101,26,
Psalms,102,26,,Псалтирь,101,27,
Psalms,102,27,,Псалтирь,101,28,
Psalms,102,28,,Псалтирь,101,29,
Psalms,103,1,,Псалтирь,102,1,
Psalms,103,2,,Псалтирь,102,2,
Psalms,103,3,,Псалтирь,102,3,
Psalms,103,4,,Псалтирь,102,4,
Psalms,103,5,,Псалтирь,102,5,
Psalms,103,6,,Псалтирь,102,6,
Psalms,103,7,,Псалтирь,102,7,
Psalms,103,8,,Псалтирь,102,8,
Psalms,103,9,,Псалтирь,102,9,
Psalms,103,10,,Псалтирь,102,10,
Psalms,103,11,,Псалтирь,102,11,
Psalms,103,12,,Псалтирь,102,12,
Psalms,103,13,,Псалтирь,102,13,
Psalms,103,14,,Псалтирь,102,14,
Psalms,103,15,,Псалтирь,102,15,
Psalms,103,16,,Псалтирь,102,16,
Psalms,103,17,,Псалтирь,102,17,
Psalms,103,18,,Псалтирь,102,18,
Psalms,103,19,,Псалтирь,102,19,
Psalms,103,20,,Псалтирь,102,20,
Psalms,103,21,,Псалтирь,102,21,
Psalms,103,22,,Псалтирь,102,22,
Psalms,104,1,,Псалтирь,103,1,
Psalms,104,2,,Псалтирь,103,2,
Psalms,104,3,,Псалтирь,103,3,
Psalms,104,4,,Псалтирь,103,4,
Psalms,104,5,,Псалтирь,103,5,
Psalms,104,6,,Псалтирь,103,6,
Psalms,104,7,,Псалтирь,103,7,
Psalms,104,8,,Псалтирь,103,8,
Psalms,104,9,,Псалтирь,103,9,
Psalms,104,10,,Псалтирь,103,10,
Psalms,104,11,,Псалтирь,103,11,
Psalms,104,12,,Псалтирь,103,12,
Psalms,104,13,,Псалтирь,103,13,
Psalms,104,14,,Псалтирь,103,14,
Psalms,104,15,,Псалтирь,103,15,
Psalms,104,16,,Псалтирь,103,16,
Psalms,104,17,,Псалтирь,103,17,
Psalms,104,18,,Псалтирь,103,18,
Psalms,104,19,,Псалтирь,103,19,
Psalms,104,20,,Псалтирь,103,20,
Psalms,104,21,,Псалтирь,103,21,
Psalms,104,22,,Псалтирь,103,22,
Psalms,104,23,,Псалтирь,103,23,
Psalms,104,24,,Псалтирь,103,24,
Psalms,104,25,,Псалтирь,103,25,
Psalms,104,26,,Псалтирь,103,26,
Psalms,104,27,,Псалтирь,103,27,
Psalms,104,28,,Псалтирь,103,28,
Psalms,104,29,,Псалтирь,103,29,
Psalms,104,30,,Псалтирь,103,30,
Psalms,104,31,,Псалтирь,103,31,
Psalms,104,32,,Псалтирь,103,32,
Psalms,104,33,,Псалтирь,103,33,
Psalms,104,34,,Псалтирь,103,34,
Psalms,104,35,,Псалтирь,103,35,
Psalms,105,1,,Псалтирь,104,1,
Psalms,105,2,,Псалтирь,104,2,
Psalms,105,3,,Псалтирь,104,3,
Psalms,105,4,,Псалтирь,104,4,
Psalms,105,5,,Псалтирь,104,5,
Psalms,105,6,,Псалтирь,104,6,
Psalms,105,7,,Псалтирь,104,7,
Psalms,105,8,,Псалтирь,104,8,
Psalms,105,9,,Псалтирь,104,9,
Psalms,105,10,,Псалтирь,104,10,
Psalms,105,11,,Псалтирь,104,11,
Psalms,105,12,,Псалтирь,104,12,
Psalms,105,13,,Псалтирь,104,13,
Psalms,105,14,,Псалтирь,104,14,
Psalms,105,15,,Псалтирь,104,15,
Psalms,105,16,,Псалтирь,104,16,
Psalms,105,17,,Псалтирь,104,17,
Psalms,105,18,,Псалтирь,104,18,
Psalms,105,19,,Псалтирь,104,19,
Psalms,105,20,,Псалтирь,104,20,
Psalms,105,21,,Псалтирь,104,21,
Psalms,105,22,,Псалтирь,104,22,
Psalms,105,23,,Псалтирь,104,23,
Psalms,105,24,,Псалтирь,104,24,
Psalms,105,25,,Псалтирь,104,25,
Psalms,105,26,,Псалтирь,104,26,
Psalms,105,27,,Псалтирь,104,27,
Psalms,105,28,,Псалтирь,104,28,
Psalms,105,29,,Псалтирь,104,29,
Psalms,105,30,,Псалтирь,104,30,
Psalms,105,31,,Псалтирь,104,31,
Psalms,105,32,,Псалтирь,104,32,
Psalms,105,33,,Псалтирь,104,33,
Psalms,105,34,,Псалтирь,104,34,
Psalms,105,35,,Псалтирь,104,35,
Psalms,105,36,,Псалтирь,104,36,
Psalms,105,37,,Псалтирь,104,37,
Psalms,105,38,,Псалтирь,104,38,
Psalms,105,39,,Псалтирь,104,39,
Psalms,105,40,,Псалтирь,104,40,
Psalms,105,41,,Псалтирь,104,41,
Psalms,105,42,,Псалтирь,104,42,
Psalms,105,43,,Псалтирь,104,43,
Psalms,105,44,,Псалтирь,104,44,
Psalms,105,45,,Псалтирь,104,45,
Psalms,106,1,,Псалтирь,105,1,
Psalms,106,2,,Псалтирь,105,2,
Psalms,106,3,,Псалтирь,105,3,
Psalms,106,4,,Псалтирь,105,4,
Psalms,106,5,,Псалтирь,105,5,
Psalms,106,6,,Псалтирь,105,6,
Psalms,106,7,,Псалтирь,105,7,
Psalms,106,8,,Псалтирь,105,8,
Psalms,106,9,,Псалтирь,105,9,
Psalms,106,10,,Псалтирь,105,10,
Psalms,106,11,,Псалтирь,105,11,
Psalms,106,12,,Псалтирь,105,12,
Psalms,106,13,,Псалтирь,105,13,
Psalms,106,14,,Псалтирь,105,14,
Psalms,106,15,,Псалтирь,105,15,
Psalms,106,16,,Псалтирь,105,16,
Psalms,106,17,,Псалтирь,105,17,
Psalms,106,18,,Псалтирь,105,18,
Psalms,106,19,,Псалтирь,105,19,
Psalms,106,20,,Псалтирь,105,20,
Psalms,106,21,,Псалтирь,105,21,
Psalms,106,22,,Псалтирь,105,22,
Psalms,106,23,,Псалтирь,105,23,
Psalms,106,24,,Псалтирь,105,24,
Psalms,106,25,,Псалтирь,105,25,
Psalms,106,26,,Псалтирь,105,26,
Psalms,106,27,,Псалтирь,105,27,
Psalms,106,28,,Псалтирь,105,28,
Psalms,106,29,,Псалтирь,105,29,
Psalms,106,30,,Псалтирь,105,30,
Psalms,106,31,,Псалтирь,105,31,
Psalms,106,32,,Псалтирь,105,32,
Psalms,106,33,,Псалтирь,105,33,
Psalms,106,34,,Псалтирь,105,34,
Psalms,106,35,,Псалтирь,105,35,
Psalms,106,36,,Псалтирь,105,36,
Psalms,106,37,,Псалтирь,105,37,
Psalms,106,38,,Псалтирь,105,38,
Psalms,106,39,,Псалтирь,105,39,
Psalms,106,40,,Псалтирь,105,40,
Psalms,106,41,,Псалтирь,105,41,
Psalms,106,42,,Псалтирь,105,42,
Psalms,106,43,,Псалтирь,105,43,
Psalms,106,44,,Псалтирь,105,44,
Psalms,106,45,,Псалтирь,105,45,
Psalms,106,46,,Псалтирь,105,46,
Psalms,106,47,,Псалтирь,105,47,
Psalms,106,48,,Псалтирь,105,48,
Psalms,107,1,,Псалтирь,106,1,
Psalms,107,2,,Псалтирь,106,2,
Psalms,107,3,,Псалтирь,106,3,
Psalms,107,4,,Псалтирь,106,4,
Psalms,107,5,,Псалтирь,106,5,
Psalms,107,6,,Псалтирь,106,6,
Psalms,107,7,,Псалтирь,106,7,
Psalms,107,8,,Псалтирь,106,8,
Psalms,107,9,,Псалтирь,106,9,
Psalms,107,10,,Псалтирь,106,10,
Psalms,107,11,,Псалтирь,106,11,
Psalms,107,12,,Псалтирь,106,12,
Psalms,107,13,,Псалтирь,106,13,
Psalms,107,14,,Псалтирь,106,14,
Psalms,107,15,,Псалтирь,106,15,
Psalms,107,16,,Псалтирь,106,16,
Psalms,107,17,,Псалтирь,106,17,
Psalms,107,18,,Псалтирь,106,18,
Psalms,107,19,,Псалтирь,106,19,
Psalms,107,20,,Псалтирь,106,20,
Psalms,107,21,,Псалтирь,106,21,
Psalms,107,22,,Псалтирь,106,22,
Psalms,107,23,,Псалтирь,106,23,
Psalms,107,24,,Псалтирь,106,24,
Psalms,107,25,,Псалтирь,106,25,
Psalms,107,26,,Псалтирь,106,26,
Psalms,107,27,,Псалтирь,106,27,
Psalms,107,28,,Псалтирь,106,28,
Psalms,107,29,,Псалтирь,106,29,
Psalms,107,30,,Псалтирь,106,30,
Psalms,107,31,,Псалтирь,106,31,
Psalms,107,32,,Псалтирь,106,32,
Psalms,107,33,,Псалтирь,106,33,
Psalms,107,34,,Псалтирь,106,34,
Psalms,107,35,,Псалтирь,106,35,
Psalms,107,36,,Псалтирь,106,36,
Psalms,107,37,,Псалтирь,106,37,
Psalms,107,38,,Псалтирь,106,38,
Psalms,107,39,,Псалтирь,106,39,
Psalms,107,40,,Псалтирь,106,40,
Psalms,107,41,,Псалтирь,106,41,
Psalms,107,42,,Псалтирь,106,42,
Psalms,107,43,,Псалтирь,106,43,
Psalms,108,0,,Псалтирь,107,1,
Psalms,108,1,,Псалтирь,107,2,
Psalms,108,2,,Псалтирь,107,3,
Psalms,108,3,,Псалтирь,107,4,
Psalms,108,4,,Псалтирь,107,5,
Psalms,108,5,,Псалтирь,107,6,
Psalms,108,6,,Псалтирь,107,7,
Psalms,108,7,,Псалтирь,107,8,
Psalms,108,8,,Псалтирь,107,9,
Psalms,108,9,,Псалтирь,107,10,
Psalms,108,10,,Псалтирь,107,11,
Psalms,108,11,,Псалтирь,107,12,
Psalms,108,12,,Псалтирь,107,13,
Psalms,108,13,,Псалтирь,107,14,
Psalms,109,1,,Псалтирь,108,1,
Psalms,109,2,,Псалтирь,108,2,
Psalms,109,3,,Псалтирь,108,3,
Psalms,109,4,,Псалтирь,108,4,
Psalms,109,5,,Псалтирь,108,5,
Psalms,109,6,,Псалтирь,108,6,
Psalms,109,7,,Псалтирь,108,7,
Psalms,109,8,,Псалтирь,108,8,
Psalms,109,9,,Псалтирь,108,9,
Psalms,109,10,,Псалтирь,108,10,
Psalms,109,11,,Псалтирь,108,11,
Psalms,109,12,,Псалтирь,108,12,
Psalms,109,13,,Псалтирь,108,13,
Psalms,109,14,,Псалтирь,108,14,
Psalms,109,15,,Псалтирь,108,15,
Psalms,109,16,,Псалтирь,108,16,
Psalms,109,17,,Псалтирь,108,17,
Psalms,109,18,,Псалтирь,108,18,
Psalms,109,19,,Псалтирь,108,19,
Psalms,109,20,,Псалтирь,108,20,
Psalms,109,21,,Псалтирь,108,21,
Psalms,109,22,,Псалтирь,108,22,
Psalms,109,23,,Псалтирь,108,23,
Psalms,109,24,,Псалтирь,108,24,
Psalms,109,25,,Псалтирь,108,25,
Psalms,109,26,,Псалтирь,108,26,
Psalms,109,27,,Псалтирь,108,27,
Psalms,109,28,,Псалтирь,108,28,
Psalms,109,29,,Псалтирь,108,29,
Psalms,109,30,,Псалтирь,108,30,
Psalms,109,31,,Псалтирь,108,31,
Psalms,110,1,,Псалтирь,109,1,
Psalms,110,2,,Псалтирь,109,2,
Psalms,110,3,,Псалтирь,109,3,
Psalms,110,4,,Псалтирь,109,4,
Psalms,110,5,,Псалтирь,109,5,
Psalms,110,6,,Псалтирь,109,6,
Psalms,110,7,,Псалтирь,109,7,
Psalms,111,1,,Псалтирь,110,1,
Psalms,111,2,,Псалтирь,110,2,
Psalms,111,3,,Псалтирь,110,3,
Psalms,111,4,,Псалтирь,110,4,
Psalms,111,5,,Псалтирь,110,5,
Psalms,111,6,,Псалтирь,110,6,
Psalms,111,7,,Псалтирь,110,7,
Psalms,111,8,,Псалтирь,110,8,
Psalms,111,9,,Псалтирь,110,9,
Psalms,111,10,,Псалтирь,110,10,
Psalms,112,1,,Псалтирь,111,1,
Psalms,112,2,,Псалтирь,111,2,
Psalms,112,3,,Псалтирь,111,3,
Psalms,112,4,,Псалтирь,111,4,
Psalms,112,5,,Псалтирь,111,5,
Psalms,112,6,,Псалтирь,111,6,
Psalms,112,7,,Псалтирь,111,7,
Psalms,112,8,,Псалтирь,111,8,
Psalms,112,9,,Псалтирь,111,9,
Psalms,112,10,,Псалтирь,111,10,
Psalms,113,1,,Псалтирь,112,1,
Psalms,113,2,,Псалтирь,112,2,
Psalms,113,3,,Псалтирь,112,3,
Psalms,113,4,,Псалтирь,112,4,
Psalms,113,5,,Псалтирь,112,5,
Psalms,113,6,,Псалтирь,112,6,
Psalms,113,7,,Псалтирь,112,7,
Psalms,113,8,,Псалтирь,112,8,
Psalms,113,9,,Псалтирь,112,9,
Psalms,114,1,,Псалтирь,113,1,
Psalms,114,2,,Псалтирь,113,2,
Psalms,114,3,,Псалтирь,113,3,
Psalms,114,4,,Псалтирь,113,4,
Psalms,114,5,,Псалтирь,113,5,
Psalms,114,6,,Псалтирь,113,6,
Psalms,114,7,,Псалтирь,113,7,
Psalms,114,8,,Псалтирь,113,8,
Psalms,115,1,,Псалтирь,113,9,
Psalms,115,2,,Псалтирь,113,10,
Psalms,115,3,,Псалтирь,113,11,
Psalms,115,4,,Псалтирь,113,12,
Psalms,115,5,,Псалтирь,113,13,
Psalms,115,6,,Псалтирь,113,14,
Psalms,115,7,,Псалтирь,113,15,
Psalms,115,8,,Псалтирь,113,16,
Psalms,115,9,,Псалтирь,113,17,
Psalms,115,10,,Псалтирь,113,18,
Psalms,115,11,,Псалтирь,113,19,
Psalms,115,12,,Псалтирь,113,20,
Psalms,115,13,,Псалтирь,113,21,
Psalms,115,14,,Псалтирь,113,22,
Psalms,115,15,,Псалтирь,113,23,
Psalms,115,16,,Псалтирь,113,24,
Psalms,115,17,,Псалтирь,113,25,
Psalms,115,18,,Псалтирь,113,26,
Psalms,116,1,,Псалтирь,114,1,
Psalms,116,2,,Псалтирь,114,2,
Psalms,116,3,,Псалтирь,114,3,
Psalms,116,4,,Псалтирь,114,4,
Psalms,116,5,,Псалтирь,114,5,
Psalms,116,6,,Псалтирь,114,6,
Psalms,116,7,,Псалтирь,114,7,
Psalms,116,8,,Псалтирь,114,8,
Psalms,116,9,,Псалтирь,114,9,
Psalms,116,10,,Псалтирь,115,1,
Psalms,116,11,,Псалтирь,115,2,
Psalms,116,12,,Псалтирь,115,3,
Psalms,116,13,,Псалтирь,115,4,
Psalms,116,14,,Псалтирь,115,5,
Psalms,116,15,,Псалтирь,115,6,
Psalms,116,16,,Псалтирь,115,7,
Psalms,116,17,,Псалтирь,115,8,
Psalms,116,18,,Псалтирь,115,9,
Psalms,116,19,,Псалтирь,115,10,
Psalms,117,1,,Псалтирь,116,1,
Psalms,117,2,,Псалтирь,116,2,
Psalms,118,1,,Псалтирь,117,1,
Psalms,118,2,,Псалтирь,117,2,
Psalms,118,3,,Псалтирь,117,3,
Psalms,118,4,,Псалтирь,117,4,
Psalms,118,5,,Псалтирь,117,5,
Psalms,118,6,,Псалтирь,117,6,
Psalms,118,7,,Псалтирь,117,7,
Psalms,118,8,,Псалтирь,117,8,
Psalms,118,9,,Псалтирь,117,9,
Psalms,118,10,,Псалтирь,117,10,
Psalms,118,11,,Псалтирь,117,11,
Psalms,118,12,,Псалтирь,117,12,
Psalms,118,13,,Псалтирь,117,13,
Psalms,118,14,,Псалтирь,117,14,
Psalms,118,15,,Псалтирь,117,15,
Psalms,118,16,,Псалтирь,117,16,
Psalms,118,17,,Псалтирь,117,17,
Psalms,118,18,,Псалтирь,117,18,
Psalms,118,19,,Псалтирь,117,19,
Psalms,118,20,,Псалтирь,117,20,
Psalms,118,21,,Псалтирь,117,21,
Psalms,118,22,,Псалтирь,117,22,
Psalms,118,23,,Псалтирь,117,23,
Psalms,118,24,,Псалтирь,117,24,
Psalms,118,25,,Псалтирь,117,25,
Psalms,118,26,,Псалтирь,117,26,
Psalms,118,27,,Псалтирь,117,27,
Psalms,118,28,,Псалтирь,117,28,
Psalms,118,29,,Псалтирь,117,29,
Psalms,119,1,,Псалтирь,118,1,
Psalms,119,2,,Псалтирь,118,2,
Psalms,119,3,,Псалтирь,118,3,
Psalms,119,4,,Псалтирь,118,4,
Psalms,119,5,,Псалтирь,118,5,
Psalms,119,6,,Псалтирь,118,6,
Psalms,119,7,,Псалтирь,118,7,
Psalms,119,8,,Псалтирь,118,8,
Psalms,119,9,,Псалтирь,118,9,
Psalms,119,10,,Псалтирь,118,10,
Psalms,119,11,,Псалтирь,118,11,
Psalms,119,12,,Псалтирь,118,12,
Psalms,119,13,,Псалтирь,118,13,
Psalms,119,14,,Псалтирь,118,14,
Psalms,119,15,,Псалтирь,118,15,
Psalms,119,16,,Псалтирь,118,16,
Psalms,119,17,,Псалтирь,118,17,
Psalms,119,18,,Псалтирь,118,18,
Psalms,119,19,,Псалтирь,118,19,
Psalms,119,20,,Псалтирь,118,20,
Psalms,119,21,,Псалтирь,118,21,
Psalms,119,22,,Псалтирь,118,22,
Psalms,119,23,,Псалтирь,118,23,
Psalms,119,24,,Псалтирь,118,24,
Psalms,119,25,,Псалтирь,118,25,
Psalms,119,26,,Псалтирь,118,26,
Psalms,119,27,,Псалтирь,118,27,
Psalms,119,28,,Псалтирь,118,28,
Psalms,119,29,,Псалтирь,118,29,
Psalms,119,30,,Псалтирь,118,30,
Psalms,119,31,,Псалтирь,118,31,
Psalms,119,32,,Псалтирь,118,32,
Psalms,119,33,,Псалтирь,118,33,
Psalms,119,34,,Псалтирь,118,34,
Psalms,119,35,,Псалтирь,118,35,
Psalms,119,36,,Псалтирь,118,36,
Psalms,119,37,,Псалтирь,118,37,
Psalms,119,38,,Псалтирь,118,38,
Psalms,119,39,,Псалтирь,118,39,
Psalms,119,40,,Псалтирь,118,40,
Psalms,119,41,,Псалтирь,118,41,
Psalms,119,42,,Псалтирь,118,42,
Psalms,119,43,,Псалтирь,118,43,
Psalms,119,44,,Псалтирь,118,44,
Psalms,119,45,,Псалтирь,118,45,
Psalms,119,46,,Псалтирь,118,46,
Psalms,119,47,,Псалтирь,118,47,
Psalms,119,48,,Псалтирь,118,48,
Psalms,119,49,,Псалтирь,118,49,
Psalms,119,50,,Псалтирь,118,50,
Psalms,119,51,,Псалтирь,118,51,
Psalms,119,52,,Псалтирь,118,52,
Psalms,119,53,,Псалтирь,118,53,
Psalms,119,54,,Псалтирь,118,54,
Psalms,119,55,,Псалтирь,118,55,
Psalms,119,56,,Псалтирь,118,56,
Psalms,119,57,,Псалтирь,118,57,
Psalms,119,58,,Псалтирь,118,58,
Psalms,119,59,,Псалтирь,118,59,
Psalms,119,60,,Псалтирь,118,60,
Psalms,119,61,,Псалтирь,118,61,
Psalms,119,62,,Псалтирь,118,62,
Psalms,119,63,,Псалтирь,118,63,
Psalms,119,64,,Псалтирь,118,64,
Psalms,119,65,,Псалтирь,118,65,
Psalms,119,66,,Псалтирь,118,66,
Psalms,119,67,,Псалтирь,118,67,
Psalms,119,68,,Псалтирь,118,68,
Psalms,119,69,,Псалтирь,118,69,
Psalms,119,70,,Псалтирь,118,70,
Psalms,119,71,,Псалтирь,118,71,
Psalms,119,72,,Псалтирь,118,72,
Psalms,119,73,,Псалтирь,118,73,
Psalms,119,74,,Псалтирь,118,74,
Psalms,119,75,,Псалтирь,118,75,
Psalms,119,76,,Псалтирь,118,76,
Psalms,119,77,,Псалтирь,118,77,
Psalms,119,78,,Псалтирь,118,78,
Psalms,119,79,,Псалтирь,118,79,
Psalms,119,80,,Псалтирь,118,80,
Psalms,119,81,,Псалтирь,118,81,
Psalms,119,82,,Псалтирь,118,82,
Psalms,119,83,,Псалтирь,118,83,
Psalms,119,84,,Псалтирь,118,84,
Psalms,119,85,,Псалтирь,118,85,
Psalms,119,86,,Псалтирь,118,86,
Psalms,119,87,,Псалтирь,118,87,
Psalms,119,88,,Псалтирь,118,88,
Psalms,119,89,,Псалтирь,118,89,
Psalms,119,90,,Псалтирь,118,90,
Psalms,119,91,,Псалтирь,118,91,
Psalms,119,92,,Псалтирь,118,92,
Psalms,119,93,,Псалтирь,118,93,
Psalms,119,94,,Псалтирь,118,94,
Psalms,119,95,,Псалтирь,118,95,
Psalms,119,96,,Псалтирь,118,96,
Psalms,119,97,,Псалтирь,118,97,
Psalms,119,98,,Псалтирь,118,98,
Psalms,119,99,,Псалтирь,118,99,
Psalms,119,100,,Псалтирь,118,100,
Psalms,119,101,,Псалтирь,118,101,
Psalms,119,102,,Псалтирь,118,102,
Psalms,119,103,,Псалтирь,118,103,
Psalms,119,104,,Псалтирь,118,104,
Psalms,119,105,,Псалтирь,118,105,
Psalms,119,106,,Псалтирь,118,106,
Psalms,119,107,,Псалтирь,118,107,
Psalms,119,108,,Псалтирь,118,108,
Psalms,119,109,,Псалтирь,118,109,
Psalms,119,110,,Псалтирь,118,110,
Psalms,119,111,,Псалтирь,118,111,
Psalms,119,112,,Псалтирь,118,112,
Psalms,119,113,,Псалтирь,118,113,
Psalms,119,114,,Псалтирь,118,114,
Psalms,119,115,,Псалтирь,118,115,
Psalms,119,116,,Псалтирь,118,116,
Psalms,119,117,,Псалтирь,118,117,
Psalms,119,118,,Псалтирь,118,118,
Psalms,119,119,,Псалтирь,118,119,
Psalms,119,120,,Псалтирь,118,120,
Psalms,119,121,,Псалтирь,118,121,
Psalms,119,122,,Псалтирь,118,122,
Psalms,119,123,,Псалтирь,118,123,
Psalms,119,124,,Псалтирь,118,124,
Psalms,119,125,,Псалтирь,118,125,
Psalms,119,126,,Псалтирь,118,126,
Psalms,119,127,,Псалтирь,118,127,
Psalms,119,128,,Псалтирь,118,128,
Psalms,119,129,,Псалтирь,118,129,
Psalms,119,130,,Псалтирь,118,130,
Psalms,119,131,,Псалтирь,118,131,
Psalms,119,132,,Псалтирь,118,132,
Psalms,119,133,,Псалтирь,118,133,
Psalms,119,134,,Псалтирь,118,134,
Psalms,119,135,,Псалтирь,118,135,
Psalms,119,136,,Псалтирь,118,136,
Psalms,119,137,,Псалтирь,118,137,
Psalms,119,138,,Псалтирь,118,138,
Psalms,119,139,,Псалтирь,118,139,
Psalms,119,140,,Псалтирь,118,140,
Psalms,119,141,,Псалтирь,118,141,
Psalms,119,142,,Псалтирь,118,142,
Psalms,119,143,,Псалтирь,118,143,
Psalms,119,144,,Псалтирь,118,144,
Psalms,119,145,,Псалтирь,118,145,
Psalms,119,146,,Псалтирь,118,146,
Psalms,119,147,,Псалтирь,118,147,
Psalms,119,148,,Псалтирь,118,148,
Psalms,119,149,,Псалтирь,118,149,
Psalms,119,150,,Псалтирь,118,150,
Psalms,119,151,,Псалтирь,118,151,
Psalms,119,152,,Псалтирь,118,152,
Psalms,119,153,,Псалтирь,118,153,
Psalms,119,154,,Псалтирь,118,154,
Psalms,119,155,,Псалтирь,118,155,
Psalms,119,156,,Псалтирь,118,156,
Psalms,119,157,,Псалтирь,118,157,
Psalms,119,158,,Псалтирь,118,158,
Psalms,119,159,,Псалтирь,118,159,
Psalms,119,160,,Псалтирь,118,160,
Psalms,119,161,,Псалтирь,118,161,
Psalms,119,162,,Псалтирь,118,162,
Psalms,119,163,,Псалтирь,118,163,
Psalms,119,164,,Псалтирь,118,164,
Psalms,119,165,,Псалтирь,118,165,
Psalms,119,166,,Псалтирь,118,166,
Psalms,119,167,,Псалтирь,118,167,
Psalms,119,168,,Псалтирь,118,168,
Psalms,119,169,,Псалтирь,118,169,
Psalms,119,170,,Псалтирь,118,170,
Psalms,119,171,,Псалтирь,118,171,
Psalms,119,172,,Псалтирь,118,172,
Psalms,119,173,,Псалтирь,118,173,
Psalms,119,174,,Псалтирь,118,174,
Psalms,119,175,,Псалтирь,118,175,
Psalms,119,176,,Псалтирь,118,176,
Psalms,120,1,,Псалтирь,119,1,
Psalms,120,2,,Псалтирь,119,2,
Psalms,120,3,,Псалтирь,119,3,
Psalms,120,4,,Псалтирь,119,4,
Psalms,120,5,,Псалтирь,119,5,
Psalms,120,6,,Псалтирь,119,6,
Psalms,120,7,,Псалтирь,119,7,
Psalms,121,1,,Псалтирь,120,1,
Psalms,121,2,,Псалтирь,120,2,
Psalms,121,3,,Псалтирь,120,3,
Psalms,121,4,,Псалтирь,120,4,
Psalms,121,5,,Псалтирь,120,5,
Psalms,121,6,,Псалтирь,120,6,
Psalms,122,1,,Псалтирь,121,1,
Psalms,122,2,,Псалтирь,121,2,
Psalms,122,3,,Псалтирь,121,3,
Psalms,122,4,,Псалтирь,121,4,
Psalms,122,5,,Псалтирь,121,5,
Psalms,122,6,,Псалтирь,121,6,
Psalms,122,7,,Псалтирь,121,7,
Psalms,122,8,,Псалтирь,121,8,
Psalms,122,9,,Псалтирь,121,9,
Psalms,123,1,,Псалтирь,122,1,
Psalms,123,2,,Псалтирь,122,2,
Psalms,123,3,,Псалтирь,122,3,
Psalms,123,4,,Псалтирь,122,4,
Psalms,124,1,,Псалтирь,123,1,
Psalms,124,2,,Псалтирь,123,2,
Psalms,124,3,,Псалтирь,123,3,
Psalms,124,4,,Псалтирь,123,4,
Psalms,124,5,,Псалтирь,123,5,
Psalms,124,6,,Псалтирь,123,6,
Psalms,124,7,,Псалтирь,123,7,
Psalms,124,8,,Псалтирь,123,8,
Psalms,125,1,,Псалтирь,124,1,
Psalms,125,2,,Псалтирь,124,2,
Psalms,125,3,,Псалтирь,124,3,
Psalms,125,4,,Псалтирь,124,4,
Psalms,125,5,,Псалтирь,124,5,
Psalms,126,1,,Псалтирь,125,1,
Psalms,126,2,,Псалтирь,125,2,
Psalms,126,3,,Псалтирь,125,3,
Psalms,126,4,,Псалтирь,125,4,
Psalms,126,5,,Псалтирь,125,5,
Psalms,126,6,,Псалтирь,125,6,
Psalms,127,1,,Псалтирь,126,1,
Psalms,127,2,,Псалтирь,126,2,
Psalms,127,3,,Псалтирь,126,3,
Psalms,127,4,,Псалтирь,126,4,
Psalms,127,5,,Псалтирь,126,5,
Psalms,128,1,,Псалтирь,127,1,
Psalms,128,2,,Псалтирь,127,2,
Psalms,128,3,,Псалтирь,127,3,
Psalms,128,4,,Псалтирь,127,4,
Psalms,128,5,,Псалтирь,127,5,
Psalms,128,6,,Псалтирь,127,6,
Psalms,129,1,,Псалтирь,128,1,
Psalms,129,2,,Псалтирь,128,2,
Psalms,129,3,,Псалтирь,128,3,
Psalms,129,4,,Псалтирь,128,4,
Psalms,129,5,,Псалтирь,128,5,
Psalms,129,6,,Псалтирь,128,6,
Psalms,129,7,,Псалтирь,128,7,
Psalms,129,8,,Псалтирь,128,8,
Psalms,130,1,,Псалтирь,129,1,
Psalms,130,2,,Псалтирь,129,2,
Psalms,130,3,,Псалтирь,129,3,
Psalms,130,4,,Псалтирь,129,4,
Psalms,130,5,,Псалтирь,129,5,
Psalms,130,6,,Псалтирь,129,6,
Psalms,130,7,,Псалтирь,129,7,
Psalms,130,8,,Псалтирь,129,8,
Psalms,131,1,,Псалтирь,130,1,
Psalms,131,2,,Псалтирь,130,2,
Psalms,131,3,,Псалтирь,130,3,
Psalms,132,1,,Псалтирь,131,1,
Psalms,132,2,,Псалтирь,131,2,
Psalms,132,3,,Псалтирь,131,3,
Psalms,132,4,,Псалтирь,131,4,
Psalms,132,5,,Псалтирь,131,5,
Psalms,132,6,,Псалтирь,131,6,
Psalms,132,7,,Псалтирь,131,7,
Psalms,132,8,,Псалтирь,131,8,
Psalms,132,9,,Псалтирь,131,9,
Psalms,132,10,,Псалтирь,131,10,
Psalms,132,11,,Псалтирь,131,11,
Psalms,132,12,,Псалтирь,131,12,
Psalms,132,13,,Псалтирь,131,13,
Psalms,132,14,,Псалтирь,131,14,
Psalms,132,15,,Псалтирь,131,15,
Psalms,132,16,,Псалтирь,131,16,
Psalms,132,17,,Псалтирь,131,17,
Psalms,132,18,,Псалтирь,131,18,
Psalms,133,1,,Псалтирь,132,1,
Psalms,133,2,,Псалтирь,132,2,
Psalms,133,3,,Псалтирь,132,3,
Psalms,134,1,,Псалтирь,133,1,
Psalms,134,2,,Псалтирь,133,2,
Psalms,134,3,,Псалтирь,133,3,
Psalms,135,1,,Псалтирь,134,1,
Psalms,135,2,,Псалтирь,134,2,
Psalms,135,3,,Псалтирь,134,3,
Psalms,135,4,,Псалтирь,134,4,
Psalms,135,5,,Псалтирь,134,5,
Psalms,135,6,,Псалтирь,134,6,
Psalms,135,7,,Псалтирь,134,7,
Psalms,135,8,,Псалтирь,134,8,
Psalms,135,9,,Псалтирь,134,9,
Psalms,135,10,,Псалтирь,134,10,
Psalms,135,11,,Псалтирь,134,11,
Psalms,135,12,,Псалтирь,134,12,
Psalms,135,13,,Псалтирь,134,13,
Psalms,135,14,,Псалтирь,134,14,
Psalms,135,15,,Псалтирь,134,15,
Psalms,135,16,,Псалтирь,134,16,
Psalms,135,17,,Псалтирь,134,17,
Psalms,135,18,,Псалтирь,134,18,
Psalms,135,19,,Псалтирь,134,19,
Psalms,135,20,,Псалтирь,134,20,
Psalms,135,21,,Псалтирь,134,21,
Psalms,136,1,,Псалтирь,135,1,
Psalms,136,2,,Псалтирь,135,2,
Psalms,136,3,,Псалтирь,135,3,
Psalms,136,4,,Псалтирь,135,4,
Psalms,136,5,,Псалтирь,135,5,
Psalms,136,6,,Псалтирь,135,6,
Psalms,136,7,,Псалтирь,135,7,
Psalms,136,8,,Псалтирь,135,8,
Psalms,136,9,,Псалтирь,135,9,
Psalms,136,10,,Псалтирь,135,10,
Psalms,136,11,,Псалтирь,135,11,
Psalms,136,12,,Псалтирь,135,12,
Psalms,136,13,,Псалтирь,135,13,
Psalms,136,14,,Псалтирь,135,14,
Psalms,136,15,,Псалтирь,135,15,
Psalms,136,16,,Псалтирь,135,16,
Psalms,136,17,,Псалтирь,135,17,
Psalms,136,18,,Псалтирь,135,18,
Psalms,136,19,,Псалтирь,135,19,
Psalms,136,20,,Псалтирь,135,20,
Psalms,136,21,,Псалтирь,135,21,
Psalms,136,22,,Псалтирь,135,22,
Psalms,136,23,,Псалтирь,135,23,
Psalms,136,24,,Псалтирь,135,24,
Psalms,136,25,,Псалтирь,135,25,
Psalms,136,26,,Псалтирь,135,26,
Psalms,137,1,,Псалтирь,136,1,
Psalms,137,2,,Псалтирь,136,2,
Psalms,137,3,,Псалтирь,136,3,
Psalms,137,4,,Псалтирь,136,4,
Psalms,137,5,,Псалтирь,136,5,
Psalms,137,6,,Псалтирь,136,6,
Psalms,137,7,,Псалтирь,136,7,
Psalms,137,8,,Псалтирь,136,8,
Psalms,137,9,,Псалтирь,136,9,
Psalms,138,1,,Псалтирь,137,1,
Psalms,138,2,,Псалтирь,137,2,
Psalms,138,3,,Псалтирь,137,3,
Psalms,138,4,,Псалтирь,137,4,
Psalms,138,5,,Псалтирь,137,5,
Psalms,138,6,,Псалтирь,137,6,
Psalms,138,7,,Псалтирь,137,7,
Psalms,138,8,,Псалтирь,137,8,
Psalms,139,1,,Псалтирь,138,1,
Psalms,139,2,,Псалтирь,138,2,
Psalms,139,3,,Псалтирь,138,3,
Psalms,139,4,,Псалтирь,138,4,
Psalms,139,5,,Псалтирь,138,5,
Psalms,139,6,,Псалтирь,138,6,
Psalms,139,7,,Псалтирь,138,7,
Psalms,139,8,,Псалтирь,138,8,
Psalms,139,9,,Псалтирь,138,9,
Psalms,139,10,,Псалтирь,138,10,
Psalms,139,11,,Псалтирь,138,11,
Psalms,139,12,,Псалтирь,138,12,
Psalms,139,13,,Псалтирь,138,13,
Psalms,139,14,,Псалтирь,138,14,
Psalms,139,15,,Псалтирь,138,15,
Psalms,139,16,,Псалтирь,138,16,
Psalms,139,17,,Псалтирь,138,17,
Psalms,139,18,,Псалтирь,138,18,
Psalms,139,19,,Псалтирь,138,19,
Psalms,139,20,,Псалтирь,138,20,
Psalms,139,21,,Псалтирь,138,21,
Psalms,139,22,,Псалтирь,138,22,
Psalms,139,23,,Псалтирь,138,23,
Psalms,139,24,,Псалтирь,138,24,
Psalms,140,1,,Псалтирь,139,1,
Psalms,140,1,,Псалтирь,139,2,
Psalms,140,2,,Псалтирь,139,3,
Psalms,140,3,,Псалтирь,139,4,
Psalms,140,4,,Псалтирь,139,5,
Psalms,140,5,,Псалтирь,139,6,
Psalms,140,6,,Псалтирь,139,7,
Psalms,140,7,,Псалтирь,139,8,
Psalms,140,8,,Псалтирь,139,9,
Psalms,140,9,,Псалтирь,139,10,
Psalms,140,10,,Псалтирь,139,11,
Psalms,140,11,,Псалтирь,139,12,
Psalms,140,12,,Псалтирь,139,13,
Psalms,140,13,,Псалтирь,139,14,
Psalms,141,1,,Псалтирь,140,1,
Psalms,141,2,,Псалтирь,140,2,
Psalms,141,3,,Псалтирь,140,3,
Psalms,141,4,,Псалтирь,140,4,
Psalms,141,5,,Псалтирь,140,5,
Psalms,141,6,,Псалтирь,140,6,
Psalms,141,7,,Псалтирь,140,7,
Psalms,141,8,,Псалтирь,140,8,
Psalms,141,9,,Псалтирь,140,9,
Psalms,141,10,,Псалтирь,140,10,
Psalms,142,1,,Псалтирь,141,1,
Psalms,142,2,,Псалтирь,141,2,
Psalms,142,3,,Псалтирь,141,3,
Psalms,142,4,,Псалтирь,141,4,
Psalms,142,5,,Псалтирь,141,5,
Psalms,142,6,,Псалтирь,141,6,
Psalms,142,7,,Псалтирь,141,7,
Psalms,143,1,,Псалтирь,142,1,
Psalms,143,2,,Псалтирь,142,2,
Psalms,143,3,,Псалтирь,142,3,
Psalms,143,4,,Псалтирь,142,4,
Psalms,143,5,,Псалтирь,142,5,
Psalms,143,6,,Псалтирь,142,6,
Psalms,143,7,,Псалтирь,142,7,
Psalms,143,8,,Псалтирь,142,8,
Psalms,143,9,,Псалтирь,142,9,
Psalms,143,10,,Псалтирь,142,10,
Psalms,143,11,,Псалтирь,142,11,
Psalms,143,12,,Псалтирь,142,12,
Psalms,144,1,,Псалтирь,143,1,
Psalms,144,2,,Псалтирь,143,2,
Psalms,144,3,,Псалтирь,143,3,
Psalms,144,4,,Псалтирь,143,4,
Psalms,144,5,,Псалтирь,143,5,
Psalms,144,6,,Псалтирь,143,6,
Psalms,144,7,,Псалтирь,143,7,
Psalms,144,8,,Псалтирь,143,8,
Psalms,144,9,,Псалтирь,143,9,
Psalms,144,10,,Псалтирь,143,10,
Psalms,144,11,,Псалтирь,143,11,
Psalms,144,12,,Псалтирь,143,12,
Psalms,144,13,,Псалтирь,143,13,
Psalms,144,14,,Псалтирь,143,14,
Psalms,144,15,,Псалтирь,143,15,
Psalms,145,1,,Псалтирь,144,1,
Psalms,145,2,,Псалтирь,144,2,
Psalms,145,3,,Псалтирь,144,3,
Psalms,145,4,,Псалтирь,144,4,
Psalms,145,5,,Псалтирь,144,5,
Psalms,145,6,,Псалтирь,144,6,
Psalms,145,7,,Псалтирь,144,7,
Psalms,145,8,,Псалтирь,144,8,
Psalms,145,9,,Псалтирь,144,9,
Psalms,145,10,,Псалтирь,144,10,
Psalms,145,11,,Псалтирь,144,11,
Psalms,145,12,,Псалтирь,144,12,
Psalms,145,13,,Псалтирь,144,13,
Psalms,145,14,,Псалтирь,144,14,
Psalms,145,15,,Псалтирь,144,15,
Psalms,145,16,,Псалтирь,144,16,
Psalms,145,17,,Псалтирь,144,17,
Psalms,145,18,,Псалтирь,144,18,
Psalms,145,19,,Псалтирь,144,19,
Psalms,145,20,,Псалтирь,144,20,
Psalms,145,21,,Псалтирь,144,21,
Psalms,146,1,,Псалтирь,145,1,
Psalms,146,2,,Псалтирь,145,2,
Psalms,146,3,,Псалтирь,145,3,
Psalms,146,4,,Псалтирь,145,4,
Psalms,146,5,,Псалтирь,145,5,
Psalms,146,6,,Псалтирь,145,6,
Psalms,146,7,,Псалтирь,145,7,
Psalms,146,8,,Псалтирь,145,8,
Psalms,146,9,,Псалтирь,145,9,
Psalms,146,10,,Псалтирь,145,10,
Psalms,147,1,,Псалтирь,146,1,
Psalms,147,2,,Псалтирь,146,2,
Psalms,147,3,,Псалтирь,146,3,
Psalms,147,4,,Псалтирь,146,4,
Psalms,147,5,,Псалтирь,146,5,
Psalms,147,6,,Псалтирь,146,6,
Psalms,147,7,,Псалтирь,146,7,
Psalms,147,8,,Псалтирь,146,8,
Psalms,147,9,,Псалтирь,146,9,
Psalms,147,10,,Псалтирь,146,10,
Psalms,147,11,,Псалтирь,146,11,
Psalms,147,12,,Псалтирь,147,1,
Psalms,147,13,,Псалтирь,147,2,
Psalms,147,14,,Псалтирь,147,3,
Psalms,147,15,,Псалтирь,147,4,
Psalms,147,16,,Псалтирь,147,5,
Psalms,147,17,,Псалтирь,147,6,
Psalms,147,18,,Псалтирь,147,7,
Psalms,147,19,,Псалтирь,147,8,
Psalms,147,20,,Псалтирь,147,9,
Ecclesiastes,5,1,,Книга Екклесиаста,4,17,
Ecclesiastes,5,2,,Книга Екклесиаста,5,1,
Ecclesiastes,5,3,,Книга Екклесиаста,5,2,
Ecclesiastes,5,4,,Книга Екклесиаста,5,3,
Ecclesiastes,5,5,,Книга Екклесиаста,5,4,
Ecclesiastes,5,6,,Книга Екклесиаста,5,5,
Ecclesiastes,5,7,,Книга Екклесиаста,5,6,
Ecclesiastes,5,8,,Книга Екклесиаста,5,7,
Ecclesiastes,5,9,,Книга Екклесиаста,5,8,
Ecclesiastes,5,10,,Книга Екклесиаста,5,9,
Ecclesiastes,5,11,,Книга Екклесиаста,5,10,
Ecclesiastes,5,12,,Книга Екклесиаста,5,11,
Ecclesiastes,5,13,,Книга Екклесиаста,5,12,
Ecclesiastes,5,14,,Книга Екклесиаста,5,13,
Ecclesiastes,5,15,,Книга Екклесиаста,5,14,
Ecclesiastes,5,16,,Книга Екклесиаста,5,15,
Ecclesiastes,5,17,,Книга Екклесиаста,5,16,
Ecclesiastes,5,18,,Книга Екклесиаста,5,17,
Ecclesiastes,5,19,,Книга Екклесиаста,5,18,
Ecclesiastes,5,20,,Книга Екклесиаста,5,19,
The Song of Solomon,1,1,,Песня Песней,1,0,
The Song of Solomon,1,2,,Песня Песней,1,1,
The Song of Solomon,1,3,,Песня Песней,1,2,
The Song of Solomon,1,4,,Песня Песней,1,3,
The Song of Solomon,1,5,,Песня Песней,1,4,
The Song of Solomon,1,6,,Песня Песней,1,5,
The Song of Solomon,1,7,,Песня Песней,1,6,
The Song of Solomon,1,8,,Песня Песней,1,7,
The Song of Solomon,1,9,,Песня Песней,1,8,
The Song of Solomon,1,10,,Песня Песней,1,9,
The Song of Solomon,1,11,,Песня Песней,1,10,
The Song of Solomon,1,12,,Песня Песней,1,11,
The Song of Solomon,1,13,,Песня Песней,1,12,
The Song of Solomon,1,14,,Песня Песней,1,13,
The Song of Solomon,1,15,,Песня Песней,1,14,
The Song of Solomon,1,16,,Песня Песней,1,15,
The Song of Solomon,1,17,,Песня Песней,1,16,
The Song of Solomon,6,13,,Песня Песней,7,1,
The Song of Solomon,7,1,,Песня Песней,7,2,
The Song of Solomon,7,2,,Песня Песней,7,3,
The Song of Solomon,7,3,,Песня Песней,7,4,
The Song of Solomon,7,4,,Песня Песней,7,5,
The Song of Solomon,7,5,,Песня Песней,7,6,
The Song of Solomon,7,6,,Песня Песней,7,7,
The Song of Solomon,7,7,,Песня Песней,7,8,
The Song of Solomon,7,8,,Песня Песней,7,9,
The Song of Solomon,7,9,,Песня Песней,7,10,
The Song of Solomon,7,10,,Песня Песней,7,11,
The Song of Solomon,7,11,,Песня Песней,7,12,
The Song of Solomon,7,12,,Песня Песней,7,13,
The Song of Solomon,7,13,,Песня Песней,7,14,
Isaiah,3,19,,Книга пророка Исаии,3,19,a
Isaiah,3,20,,Книга пророка Исаии,3,19,b
Isaiah,3,21,,Книга пророка Исаии,3,20,
Isaiah,3,22,,Книга пророка Исаии,3,21,
Isaiah,3,23,,Книга пророка Исаии,3,22,
Isaiah,3,24,,Книга пророка Исаии,3,23,
Isaiah,3,25,,Книга пророка Исаии,3,24,
Isaiah,3,26,,Книга пророка Исаии,3,25,
Daniel,4,1,,Книга пророка Даниила,3,31,
Daniel,4,2,,Книга пророка Даниила,3,32,
Daniel,4,3,,Книга пророка Даниила,3,33,
Daniel,4,4,,Книга пророка Даниила,4,1,
Daniel,4,5,,Книга пророка Даниила,4,2,
Daniel,4,6,,Книга пророка Даниила,4,3,
Daniel,4,7,,Книга пророка Даниила,4,4,
Daniel,4,8,,Книга пророка Даниила,4,5,
Daniel,4,9,,Книга пророка Даниила,4,6,
Daniel,4,10,,Книга пророка Даниила,4,7,
Daniel,4,11,,Книга пророка Даниила,4,8,
Daniel,4,12,,Книга пророка Даниила,4,9,
Daniel,4,13,,Книга пророка Даниила,4,10,
Daniel,4,14,,Книга пророка Даниила,4,11,
Daniel,4,15,,Книга пророка Даниила,4,12,
Daniel,4,16,,Книга пророка Даниила,4,13,
Daniel,4,17,,Книга пророка Даниила,4,14,
Daniel,4,18,,Книга пророка Даниила,4,15,
Daniel,4,19,,Книга пророка Даниила,4,16,
Daniel,4,20,,Книга пророка Даниила,4,17,
Daniel,4,21,,Книга пророка Даниила,4,18,
Daniel,4,22,,Книга пророка Даниила,4,19,
Daniel,4,23,,Книга пророка Даниила,4,20,
Daniel,4,24,,Книга пророка Даниила,4,21,
Daniel,4,25,,Книга пророка Даниила,4,22,
Daniel,4,26,,Книга пророка Даниила,4,23,
Daniel,4,27,,Книга пророка Даниила,4,24,
Daniel,4,28,,Книга пророка Даниила,4,25,
Daniel,4,29,,Книга пророка Даниила,4,26,
Daniel,4,30,,Книга пророка Даниила,4,27,
Daniel,4,31,,Книга пророка Даниила,4,28,
Daniel,4,32,,Книга пророка Даниила,4,29,
Daniel,4,33,,Книга пророка Даниила,4,30,
Daniel,4,34,,Книга пророка Даниила,4,31,
Daniel,4,35,,Книга пророка Даниила,4,32,
Daniel,4,36,,Книга пророка Даниила,4,33,
Daniel,4,37,,Книга пророка Даниила,4,34,
Hosea,13,16,,Книга пророка Осии,14,1,
Hosea,14,1,,Книга пророка Осии,14,2,
Hosea,14,2,,Книга пророка Осии,14,3,
Hosea,14,3,,Книга пророка Осии,14,4,
Hosea,14,4,,Книга пророка Осии,14,5,
Hosea,14,5,,Книга пророка Осии,14,6,
Hosea,14,6,,Книга пророка Осии,14,7,
Hosea,14,7,,Книга пророка Осии,14,8,
Hosea,14,8,,Книга пророка Осии,14,9,
Hosea,14,9,,Книга пророка Осии,14,10,
Jonah,1,17,,Книга пророка Ионы,2,1,
Jonah,2,1,,Книга пророка Ионы,2,2,
Jonah,2,2,,Книга пророка Ионы,2,3,
Jonah,2,3,,Книга пророка Ионы,2,4,
Jonah,2,4,,Книга пророка Ионы,2,5,
Jonah,2,5,,Книга пророка Ионы,2,6,
Jonah,2,6,,Книга пророка Ионы,2,7,
Jonah,2,7,,Книга пророка Ионы,2,8,
Jonah,2,8,,Книга пророка Ионы,2,9,
Jonah,2,9,,Книга пророка Ионы,2,10,
Jonah,2,10,,Книга пророка Ионы,2,11,
Acts,1,15,a,Деяния,1,15,
Acts,1,15,b,Деяния,1,16,a
Acts,1,16,,Деяния,1,16,b
Acts,19,41,,Деяния,19,40,
Romans,16,25,,Послание к Римлянам,14,24,
Romans,16,26,,Послание к Римлянам,14,25,
Romans,16,27,,Послание к Римлянам,14,26,
2 Corinthians,11,32,,Второе послание к Коринфянам,11,32,a
2 Corinthians,11,33,,Второе послание к Коринфянам,11,32,b
2 Corinthians,13,12,,Второе послание к Коринфянам,13,12,a
2 Corinthians,13,13,,Второе послание к Коринфянам,13,12,b
2 Corinthians,13,14,,Второе послание к Коринфянам,13,13,
Ephesians,3,17,a,Послание к Ефесянам,3,17,
Ephesians,3,17,b,Послание к Ефесянам,3,18,a
Ephesians,3,18,,Послание к Ефесянам,3,18,b